category,query_group,query,best_rank,url,title,body_char_count,image_count,heading_count,quality_score,quality_eligible,fetch_verdict,collected_at
shopping,home_appliance,무선 선풍기 추천 후기,1,https://blog.naver.com/football_goat/224388501090,"""완전 휴대용의 신세계다!"" 루메나 무선 냉각 손선풍기 추천, 무더위엔 이 제품이 답입니다! (JFK20 폴더블 오트화이트)",840,15,12,75,True,strong_ok,2026-08-30T00:13:56+09:00
shopping,home_appliance,로봇청소기 추천 비교 후기,1,https://blog.naver.com/100vs100328/224387068401,2026 가성비 로봇청소기 추천 계급도: 30~60만 원대 BEST 6 솔직 비교 (단점 & 평수별 가이드),2443,6,12,91,True,strong_ok,2026-08-30T00:13:55+09:00
shopping,home_appliance,음식물처리기 후기 장단점,1,https://blog.naver.com/2gwoo/224384789935,쿠첸 음식물 처리기 추천 분쇄기 메리트와 6개월 실사용 후기,1949,11,4,87,True,strong_ok,2026-08-30T00:13:55+09:00
shopping,home_appliance,무선청소기 추천 사용 후기,1,https://blog.naver.com/myi7777/224388257516,에어르 무선 미니 청소기 핸디 소형 원룸 머리카락 가벼운 더 그램,2784,10,7,95,True,strong_ok,2026-08-30T00:13:55+09:00
shopping,digital_it,노트북 추천 사용 후기,1,https://blog.naver.com/thgus09150/224387402626,"50만원대 노트북 추천 베이직북 14, 가성비 14인치 노트북 직접 써본 후기",2886,17,12,95,True,strong_ok,2026-08-30T00:13:56+09:00
shopping,digital_it,블루투스 이어폰 추천 비교,1,https://blog.naver.com/hmshms1224/224388814755,클리어 아크5 오픈형 블루투스 이어폰 THX 돌비 Cleer Arc5 블랙 골드,1911,19,12,87,True,strong_ok,2026-08-30T00:13:56+09:00
shopping,digital_it,기계식 키보드 추천 후기,1,https://blog.naver.com/reaa1213/224380739341,"사무실 도각도각 조용한 기계식 키보드 추천, 다얼유 A104 Pro 8K V2 조약돌 라떼축 후기",2341,16,12,95,True,strong_ok,2026-08-30T00:13:56+09:00
shopping,digital_it,보조배터리 추천 사용 후기,1,https://blog.naver.com/ihj5422/224386419856,다이치 에어포켓 4 통풍시트 3개월 사용 후기 호환 보조배터리 추천,2214,15,8,95,True,strong_ok,2026-08-30T00:13:57+09:00
shopping,beauty_body,헤어드라이어 추천 후기,1,https://blog.naver.com/alsdud456456/224362217018,블라우풍트 드라이기 추천 : 드라이기거치대까지 만족했던 BLDC 헤어드라이어 후기,1563,24,12,87,True,strong_ok,2026-08-30T00:13:57+09:00
shopping,beauty_body,선크림 추천 사용 후기,1,https://blog.naver.com/qmfosej/224388571172,"올리브영 선크림 추천 후기! 마몽드 NEW 선크림 2종, 촉촉한 #로즈 버블선 & 유분 잡는 #피어니퍼플선",2524,25,12,95,True,strong_ok,2026-08-30T00:13:57+09:00
shopping,beauty_body,샴푸 추천 솔직 후기,1,https://blog.naver.com/dldlxmf0509/224388803865,극손상모 샴푸 추천 | 케라스타즈 레지스턴스 방 포스 아키텍트 솔직 후기,2297,18,12,95,True,strong_ok,2026-08-30T00:13:57+09:00
shopping,beauty_body,홈케어 미용기기 후기 장단점,1,https://blog.naver.com/pharm-h/224006856758,홈케어 미용기기 : 마미케어 펜타프라임 솔직 후기 - 내돈내산 (4가지 모드 총정리),1392,13,12,87,True,strong_ok,2026-08-30T00:13:58+09:00
shopping,living_health,자세교정 방석 후기 장단점,1,https://blog.naver.com/queen0326/224370116336,스터디랩 자세교정방석 솔직 후기 공부방석 고민이라면,2298,17,12,95,True,strong_ok,2026-08-30T00:13:58+09:00
shopping,living_health,주방세제 추천 사용 후기,1,https://blog.naver.com/meongji__/224379531239,대용량주방세제 추천 살림백서 구연산 담은 주방세제 설거지부터 과일세척까지,1637,20,12,87,True,strong_ok,2026-08-30T00:13:58+09:00
shopping,living_health,여름 보냉백 추천 후기,1,https://blog.naver.com/dmsiulove/224380501135,보냉백 추천 사용후기 벤딕트 소프트쿨러 써보고 반한 이유,1990,24,12,87,True,strong_ok,2026-08-30T00:13:58+09:00
shopping,food_supplement,유산균 추천 후기 비교,1,https://blog.naver.com/ksj720508/224378411771,다이어트유산균 추천 : 뱃살 변화 솔직 후기,1770,16,12,87,True,strong_ok,2026-08-30T00:13:58+09:00
shopping,food_supplement,단백질 보충제 추천 후기,1,https://blog.naver.com/ejs2122/224375633870,식사대용 단백질쉐이크 아침 공복 단백질 보충제 백년동안 맛있는 단백질 먹어봄,1636,22,6,87,True,strong_ok,2026-08-30T00:13:58+09:00
shopping,food_supplement,건강 간식 추천 후기,1,https://blog.naver.com/kangssamo87/224324731837,코스트코 건강간식추천 [맛밤] 후기,828,8,12,71,True,strong_ok,2026-08-30T00:13:59+09:00
shopping,sports_leisure,골프 거리측정기 후기 비교,1,https://blog.naver.com/kmj8637/224370454809,골프거리측정기 추천 AI 음성인식이 진짜 편했던 MG캐디 MH4 필드 사용 후기,1624,19,12,87,True,strong_ok,2026-08-30T00:13:59+09:00
shopping,sports_leisure,캠핑 선풍기 추천 후기,1,https://blog.naver.com/voramines/224383836212,"""기존 손풍기 당장 버리세요"" 무선 가성비 무소음 휴대용 선풍기 내돈내산 리얼후기",1943,15,12,77,True,strong_ok,2026-08-30T00:13:59+09:00
shopping,sports_leisure,러닝화 추천 착용 후기,1,https://blog.naver.com/100vs100328/224369497595,[아식스 런닝화 비교] 카야노부터 메타스피드까지 인기 6종 가격·무게·사이즈 착용 후기 총정리,3494,6,12,91,True,strong_ok,2026-08-30T00:13:59+09:00
shopping,fashion_goods,여름 반바지 추천 착용 후기,1,https://blog.naver.com/dudwls8546/224376314341,여름 러닝복 추천 리액티파이 남자 러닝나시 반바지 모자 착용 후기,1678,20,12,87,True,strong_ok,2026-08-30T00:14:00+09:00
shopping,baby_pet,강아지 간식 추천 급여 후기,1,https://blog.naver.com/merry_d_nail/224384830764,강아지 올인원 치석케어 덴탈껌ㅣ댕댕이연구소 믹스츄ㅣ강아지 간식 추천 가수분해 덴탈껌 급여 후기,1206,24,12,87,True,strong_ok,2026-08-30T00:14:00+09:00
shopping,baby_pet,아기 장난감 추천 사용 후기,1,https://blog.naver.com/lavendacream/224388978628,"9개월 10개월 아기 장난감 추천, 브이텍 걸음마 보조기 사용 후기",1738,21,12,87,True,strong_ok,2026-08-30T00:14:00+09:00
shopping,home_appliance,무선 선풍기 추천 후기,2,https://blog.naver.com/chloee0115/224387595144,"레트로 감성 무선선풍기 추천, 폰텔로 미니 선풍기 사용 후기",871,14,12,75,True,strong_ok,2026-08-30T00:14:00+09:00
shopping,home_appliance,로봇청소기 추천 비교 후기,2,https://blog.naver.com/sinsa654/224379488365,드리미로봇청소기 사도 괜찮나? 로보락과 비교후기 정리 추천제품,1060,17,12,75,True,strong_ok,2026-08-30T00:14:00+09:00
shopping,home_appliance,음식물처리기 후기 장단점,2,https://blog.naver.com/annalee90/224388602060,"가정용 음식물처리기 추천, 실제 써본 바이툴즈 후기(장단점, 소음, 시간 등)",2894,28,12,95,True,strong_ok,2026-08-30T00:14:01+09:00
shopping,home_appliance,무선청소기 추천 사용 후기,2,https://blog.naver.com/dreamy35/224384998521,무선청소기 무선 진공 청소기 추천 핸디 미니 로보락 H60 Hub Ultra 후기,2438,6,9,91,True,strong_ok,2026-08-30T00:14:01+09:00
shopping,digital_it,노트북 추천 사용 후기,2,https://blog.naver.com/pisibook/224364394887,"초등학교 고학년·중학생 노트북 추천, 오래 사용할 제품을 찾는다면",4482,10,12,95,True,strong_ok,2026-08-30T00:14:01+09:00
shopping,digital_it,블루투스 이어폰 추천 비교,2,https://blog.naver.com/uju_byul/224387876856,"블루투스이어폰 무선이어폰 추천, 낫싱 Ear (3a) 노이즈캔슬링이어폰 사용후기",4527,44,12,95,True,strong_ok,2026-08-30T00:14:02+09:00
shopping,digital_it,기계식 키보드 추천 후기,2,https://blog.naver.com/jjang986/224378613422,"로지텍 G512 GX BLUE 후기, 눈과 귀가 즐거워지는 청축 기계식 키보드 추천",2239,15,3,95,True,strong_ok,2026-08-30T00:14:01+09:00
shopping,digital_it,보조배터리 추천 사용 후기,2,https://blog.naver.com/afterworkduck/224381479277,[내돈내산] 직장인 출퇴근 필수템 보조배터리 추천 | 앤커 맥고 파워뱅크 솔직 후기,1065,10,12,75,True,strong_ok,2026-08-30T00:14:02+09:00
shopping,beauty_body,헤어드라이어 추천 후기,2,https://blog.naver.com/queen0326/224371537497,카이젤 헤어드라이기 BLDC 항공모터 저소음 드라이어 후기,2363,24,10,95,True,strong_ok,2026-08-30T00:14:02+09:00
shopping,beauty_body,선크림 추천 사용 후기,2,https://blog.naver.com/ran07200/224384205033,파데프리 톤업 선크림 추천 누메 더현대 팝업 크림블러셔 사용 후기,1085,13,12,75,True,strong_ok,2026-08-30T00:14:03+09:00
shopping,beauty_body,샴푸 추천 솔직 후기,2,https://blog.naver.com/annie011/224381581570,두피 앰플 추천｜테토쿨 댄드랩 앰플 샴푸 부스터로 써본 솔직 후기,2270,17,12,95,True,strong_ok,2026-08-30T00:14:03+09:00
shopping,beauty_body,홈케어 미용기기 후기 장단점,2,https://blog.naver.com/govl303030/224123208422,EMS V-THERA 마사지기 내돈내산 후기｜미용기기 10만 원대 홈케어 솔직 리뷰,1092,4,12,61,True,strong_ok,2026-08-30T00:14:03+09:00
shopping,living_health,자세교정 방석 후기 장단점,2,https://blog.naver.com/yuahav/224390991325,자세교정 방석 추천｜플라스틱 교정의자 실패 후 갈아탄 핏스테이 허리방석 솔직후기,1492,11,12,87,True,strong_ok,2026-08-30T00:14:03+09:00
shopping,living_health,주방세제 추천 사용 후기,2,https://blog.naver.com/o0obd/224380353230,고체 주방 세제 추천 순하고 성분 좋은 톤 28 저자극 민감성 피부 과일세척도 가능,888,12,12,75,True,strong_ok,2026-08-30T00:14:03+09:00
shopping,living_health,여름 보냉백 추천 후기,2,https://blog.naver.com/archive_joo/224387026789,직장인 도시락 가방 추천 | 수수애 보냉백 한 달 실사용 후기,1357,25,12,87,True,strong_ok,2026-08-30T00:14:04+09:00
shopping,food_supplement,유산균 추천 후기 비교,2,https://blog.naver.com/dpqmsdlwkd/224389367725,"락피도 비타민D 드롭스 400IU / 햇빛 에너지 국민 비타민D 10ml, 1개",2788,12,12,95,True,strong_ok,2026-08-30T00:14:04+09:00
shopping,food_supplement,단백질 보충제 추천 후기,2,https://blog.naver.com/jamijamy/224387881531,머슬헬퍼웨이 단백질 보충제 쉐이크 프로틴 식물성 파우더 초코맛 1kg 1통,3049,13,12,95,True,strong_ok,2026-08-30T00:14:04+09:00
shopping,sports_leisure,골프 거리측정기 후기 비교,2,https://blog.naver.com/jejupr/224381087674,"압도적 가벼움! 주머니 주머니에 쏙 들어가는 72g 초경량, 캐디톡 미니온2 골프 거리측정기 [제품 정보]",3433,45,10,95,True,strong_ok,2026-08-30T00:14:04+09:00
shopping,sports_leisure,캠핑 선풍기 추천 후기,2,https://blog.naver.com/yunchuuu/224379786639,무선 선풍기 벤딕트 써큘레이터 가정용 BLDC 추천 솔직 후기,2300,24,12,95,True,strong_ok,2026-08-30T00:14:05+09:00
shopping,sports_leisure,러닝화 추천 착용 후기,2,https://blog.naver.com/dldnrdlf913/224375513018,러닝 발복보호대 추천 발 안쪽이 아플때 발목보호대 착용해본 후기 내돈내산,2739,15,12,95,True,strong_ok,2026-08-30T00:14:05+09:00
shopping,baby_pet,강아지 간식 추천 급여 후기,2,https://blog.naver.com/angel9206/224382827487,강아지 원물간식 추천 / 스위피 오독오독 강아지 간식 내돈내산 후기,1070,28,12,75,True,strong_ok,2026-08-30T00:14:05+09:00
shopping,baby_pet,아기 장난감 추천 사용 후기,2,https://blog.naver.com/twinkle_mina/224388066550,두돌아기 쭉 쓰는 3살 4살 장난감 여아장난감 마이리틀타이거 역할놀이 2종 후기,2411,30,12,95,True,strong_ok,2026-08-30T00:14:06+09:00
shopping,home_appliance,무선 선풍기 추천 후기,3,https://blog.naver.com/andher/224379245148,무인양품추천 폴더블 탁상 소형 무선 미니 스탠드 선풍기 후기,1401,11,12,87,True,strong_ok,2026-08-30T00:14:05+09:00
shopping,home_appliance,로봇청소기 추천 비교 후기,3,https://blog.naver.com/rozyontheroad/224378905498,가성비로봇청소기 추천 최강희로봇청소기 JONR 존알 T5 PRO GEN2 러그 청소 후기,1225,19,12,87,True,strong_ok,2026-08-30T00:14:06+09:00
shopping,home_appliance,음식물처리기 후기 장단점,3,https://blog.naver.com/choi__bb/224382752013,"쿠쿠 음식물처리기 블루벤트 장단점 비교, 직접 써본 솔직후기",2141,21,12,95,True,strong_ok,2026-08-30T00:14:06+09:00
shopping,home_appliance,무선청소기 추천 사용 후기,3,https://blog.naver.com/raonhilzo/224370262667,무선 에어건 추천! 벤딕트 마하1 차량용 청소기 사용 후기,1640,25,12,87,True,strong_ok,2026-08-30T00:14:07+09:00
shopping,digital_it,노트북 추천 사용 후기,3,https://blog.naver.com/jn2en/224382490425,대학생 맥북 사용 후기(맥북에어 2020 인텔칩) (대학생 노트북 추천),5173,8,12,91,True,strong_ok,2026-08-30T00:14:07+09:00
shopping,digital_it,블루투스 이어폰 추천 비교,3,https://blog.naver.com/topkkss/224374964241,"애플 에어팟 프로 3 추천, 블루투스 무선 이어폰 살만할까?",2937,8,12,91,True,strong_ok,2026-08-30T00:14:07+09:00
shopping,digital_it,기계식 키보드 추천 후기,3,https://blog.naver.com/dduksaboo/224377293510,용산 기계식키보드 추천 타건샵 세모키 위치 운영시간 및 방문 후기,3718,12,12,95,True,strong_ok,2026-08-30T00:14:07+09:00
shopping,digital_it,보조배터리 추천 사용 후기,3,https://blog.naver.com/hong_e_road/224380130396,"2년 넘게 사용 중인 보바 VOVA 보조배터리 만족 사용후기(내돈내산, 20,000mAh, VA-121)",1146,19,12,75,True,strong_ok,2026-08-30T00:14:08+09:00
shopping,beauty_body,헤어드라이어 추천 후기,3,https://blog.naver.com/daebak_friend/224376422314,"헤어드라이어 미니 드라이기 캐치웰 신상, 작지만 강한 풍량에 놀란 후기",2068,35,12,95,True,strong_ok,2026-08-30T00:14:08+09:00
shopping,beauty_body,선크림 추천 사용 후기,3,https://blog.naver.com/ellie_808/224381319615,"톤업 선크림 추천, 메디힐 PDRN 수분 선세럼 내돈내산 노란 피부 핑크 톤업 솔직후기",3478,6,12,91,True,strong_ok,2026-08-30T00:14:08+09:00
shopping,beauty_body,샴푸 추천 솔직 후기,3,https://blog.naver.com/pureun315/224381950070,내돈내산 sooo 샴푸&바디워시 솔직 후기|수영 물놀이 염소 제거 샴푸 추천✨,705,8,12,71,True,strong_ok,2026-08-30T00:14:08+09:00
shopping,beauty_body,홈케어 미용기기 후기 장단점,3,https://blog.naver.com/i3bwyihk9abetnlq3ozw/224387120008,사무실 책상 위 홈쎄라 플라닉 플라즈마 디바이스 후기,1330,9,6,83,True,strong_ok,2026-08-30T00:28:36+09:00
shopping,living_health,자세교정 방석 후기 장단점,3,https://blog.naver.com/dlwldnjs8108/224370515436,자세교정 고민 해결템 스터디랩 자세교정 방석 사용후기,1350,23,12,87,True,strong_ok,2026-08-30T00:14:09+09:00
shopping,living_health,주방세제 추천 사용 후기,3,https://blog.naver.com/treeeeeea/224386902327,기름기 찌꺼기 싹 잡아주는 친환경주방세제 추천 트리오 베이킹소다 담은 주방세제 사용 후기,998,18,12,75,True,strong_ok,2026-08-30T00:14:09+09:00
shopping,living_health,여름 보냉백 추천 후기,3,https://blog.naver.com/kk0jjin/224379806460,벤딕트 아이스 박스 보냉백 가방 캠핑 쿨러백 소프트쿨러 대형 피크닉 맥주 아크틱 M,2242,27,12,95,True,strong_ok,2026-08-30T00:14:09+09:00
shopping,food_supplement,유산균 추천 후기 비교,3,https://blog.naver.com/slyeon/224374315476,다이어트유산균 비교하기 좋은 기준,2176,12,12,95,True,strong_ok,2026-08-30T00:14:09+09:00
shopping,food_supplement,단백질 보충제 추천 후기,3,https://blog.naver.com/kgy8692408/224388463828,단백질보충제 추천 BTBT 비티비티 WPI 프로틴 워터젤리 사과맛 후기,2987,37,12,95,True,strong_ok,2026-08-30T00:14:10+09:00
shopping,sports_leisure,골프 거리측정기 후기 비교,3,https://blog.naver.com/sko100400/224297266179,골프거리측정기 추천 실제 라운딩에서 써본 솔직후기 가성비 끝판왕 도미 T200,1288,24,12,87,True,strong_ok,2026-08-30T00:14:10+09:00
shopping,sports_leisure,캠핑 선풍기 추천 후기,3,https://blog.naver.com/objetiveview/224379719532,캠핑용 무선 선풍기 추천 신일 BLDC 14인치 써큘레이터 비교,1064,8,12,71,True,strong_ok,2026-08-30T00:14:10+09:00
shopping,sports_leisure,러닝화 추천 착용 후기,3,https://blog.naver.com/jj601400/224377069429,웨이트와 달리기를 동시에 잡는 포어풋 러닝화 착용 후기! 헬스장 러닝화 추천. 아인즈T001,1091,15,11,75,True,strong_ok,2026-08-30T00:14:10+09:00
shopping,fashion_goods,여름 반바지 추천 착용 후기,3,https://blog.naver.com/kkombi_/224364195594,알로 요가 매치 포인트 반바지 블랙 내돈내산 후기｜여름 운동 반바지 추천🏃🏻‍♀️,759,15,12,75,True,strong_ok,2026-08-30T00:14:10+09:00
shopping,baby_pet,강아지 간식 추천 급여 후기,3,https://blog.naver.com/hihihio_o/224390187420,강아지 동결건조간식 온릿 내추럴 후코큐브 참치연어 급여 후기,1202,32,12,87,True,strong_ok,2026-08-30T00:14:11+09:00
shopping,baby_pet,아기 장난감 추천 사용 후기,3,https://blog.naver.com/dhel751/224381517563,출산선물 뭐가 좋을까? 신생아장난감 마더케이 딸랑이 6종 세트,2333,25,12,95,True,strong_ok,2026-08-30T00:14:11+09:00
shopping,home_appliance,무선 선풍기 추천 후기,4,https://blog.naver.com/or____________/224386583469,무선 선풍기 추천 벤딕트 가정용 BLDC 무선 써큘레이터 후기,1881,13,12,87,True,strong_ok,2026-08-30T00:14:11+09:00
shopping,home_appliance,로봇청소기 추천 비교 후기,4,https://blog.naver.com/gaeul_lovee/224379787921,가성비로봇청소기 추천 최강희로봇청소기 JONR 존알 X9 PRO 사용 후기,2273,22,12,95,True,strong_ok,2026-08-30T00:14:12+09:00
shopping,home_appliance,음식물처리기 후기 장단점,4,https://blog.naver.com/moogstar1004/224374600017,"미닉스 더플렌더 max 음식물처리기 3개월 사용후기, 소음 세척 장단점",1541,10,12,77,True,strong_ok,2026-08-30T00:14:11+09:00
shopping,home_appliance,무선청소기 추천 사용 후기,5,https://blog.naver.com/lanezzang/224381110030,에어르 무선 미니 청소기 핸디 소형 원룸 머리카락 가벼운 더 그램,2052,6,10,91,True,strong_ok,2026-08-30T00:14:17+09:00
shopping,digital_it,노트북 추천 사용 후기,4,https://blog.naver.com/foreststar77/224388500565,베이직스 노트북 베이직북 14인치 사무용 가벼운 업무용 인강용 싼 저가 8GB 256GB,1184,9,7,61,True,strong_ok,2026-08-30T00:14:12+09:00
shopping,digital_it,블루투스 이어폰 추천 비교,4,https://blog.naver.com/totos1207/224380461829,BUTTONS 클립 동시통역 오픈형 이어폰 AI 비서 버튼스 무선 이어폰 실버 블랙,2214,32,12,95,True,strong_ok,2026-08-30T00:14:12+09:00
shopping,digital_it,기계식 키보드 추천 후기,4,https://blog.naver.com/is_yuniverse/224388716012,"직장인 사무실 저소음 풀배열 기계식키보드 추천, 앱코 ACH105 저소음 리니어 바다소금축 (내돈내산 후기)",1971,31,12,87,True,strong_ok,2026-08-30T00:14:12+09:00
shopping,beauty_body,헤어드라이어 추천 후기,4,https://blog.naver.com/r_1/224337671477,"JMW 드라이기 추천, 인기 모델 비교와 헤어드라이어 에어젯 사용 후기",2107,8,12,91,True,strong_ok,2026-08-30T00:14:13+09:00
shopping,beauty_body,선크림 추천 사용 후기,4,https://blog.naver.com/seolbeau/224378876426,"썬크림 추천, 디올 스노우 혼합자차 선크림 한 달 사용 후기",1303,7,12,83,True,strong_ok,2026-08-30T00:14:13+09:00
shopping,beauty_body,샴푸 추천 솔직 후기,4,https://blog.naver.com/chikiho/224379477460,초등학생 아이 정수리 냄새 해결! 온 가족이 안심하고 쓰는 암웨이 새틴닉 스무스 모이스처 샴푸 & 트리트먼트 솔직 후기,969,4,6,61,True,strong_ok,2026-08-30T00:14:13+09:00
shopping,beauty_body,홈케어 미용기기 후기 장단점,6,https://blog.naver.com/jdy221/224157220444,메디큐브 울트라튠 후기｜고주파 리프팅 홈케어 기기 사용 후기,2540,11,12,95,True,strong_ok,2026-08-30T00:14:23+09:00
shopping,living_health,자세교정 방석 후기 장단점,4,https://blog.naver.com/adeberry/224360825544,자세교정 공부 방석 추천 스터디랩 솔직 후기,1124,20,12,75,True,strong_ok,2026-08-30T00:14:14+09:00
shopping,living_health,주방세제 추천 사용 후기,4,https://blog.naver.com/mylovemydream/224379712358,맨손 설거지해도 괜찮을까? 르주르 1종 주방세제 사용해 본 솔직후기,1058,28,12,75,True,strong_ok,2026-08-30T00:14:14+09:00
shopping,living_health,여름 보냉백 추천 후기,4,https://blog.naver.com/euirime/224370058021,"오사카 쇼핑추천템_ 스탠다드프로덕트(우산, 보냉백, 장바구니) 난바파크스, 우메다점",1028,22,12,75,True,strong_ok,2026-08-30T00:14:14+09:00
shopping,food_supplement,유산균 추천 후기 비교,4,https://blog.naver.com/luv___cu/224371467564,[베베유산균 추천] 락토핏 베베 유산균 후기｜아기유산균추천｜어린이유산균추천,906,5,11,71,True,strong_ok,2026-08-30T00:14:14+09:00
shopping,food_supplement,단백질 보충제 추천 후기,4,https://blog.naver.com/ddokcheck_/224377295892,밀팜 바바리안푸드 단백질보충제 프로틴 쉐이크 파우더 2kg 1통,4024,11,12,95,True,strong_ok,2026-08-30T00:14:14+09:00
shopping,sports_leisure,골프 거리측정기 후기 비교,4,https://blog.naver.com/isojin094/224386228516,캐논코리아 PowerShot GOLF 거리측정기 6254C001 구성과 특징 비,2113,5,12,86,True,strong_ok,2026-08-30T00:14:15+09:00
shopping,sports_leisure,캠핑 선풍기 추천 후기,4,https://blog.naver.com/cywsyr/224387614911,신일 캠핑선풍기 무선 BLDC 35cm(14인치) 소형 휴대용 캠핑용 충전식 써큘레이터,1865,19,12,87,True,strong_ok,2026-08-30T00:14:15+09:00
shopping,sports_leisure,러닝화 추천 착용 후기,4,https://blog.naver.com/flavor_log/224380155246,호카 운동화 추천 ㅣ 호카 본디9 첫 러닝화 후기,2690,38,12,95,True,strong_ok,2026-08-30T00:14:15+09:00
shopping,fashion_goods,여름 반바지 추천 착용 후기,4,https://blog.naver.com/treasures_phodo/224374031595,"러닝쇼츠 추천 ONBREAK 러닝반바지 가볍고 편한 남자반바지 후기, ONBREAK 러닝반바지 후기, 가볍고 쾌적한 러닝쇼츠 찾는다면",1855,22,12,87,True,strong_ok,2026-08-30T00:14:15+09:00
shopping,baby_pet,강아지 간식 추천 급여 후기,4,https://blog.naver.com/qlwnql/224373342726,[오래 먹는 강아지 수제간식] 온리몽 강아지 간식 한우 블리스틱 40g 후기 | 치석제거 강아지 수제간식 추천,1569,12,12,87,True,strong_ok,2026-08-30T00:14:16+09:00
shopping,baby_pet,아기 장난감 추천 사용 후기,4,https://blog.naver.com/highseoyoung/224389583034,내돈내산 아기 교구장 & 장난감정리함 추천｜아이엔지홈 토리 마이토이 + Amoo 투명 정리함 실사용 후기,3221,32,12,95,True,strong_ok,2026-08-30T00:14:16+09:00
shopping,home_appliance,로봇청소기 추천 비교 후기,5,https://blog.naver.com/yj_9oo/224389000969,"드리미 X60 Ultra 로봇청소기｜신혼부부 한 달 사용 후기, 장단점 솔직 리뷰",2863,8,12,91,True,strong_ok,2026-08-30T00:14:16+09:00
shopping,home_appliance,음식물처리기 후기 장단점,5,https://blog.naver.com/gnltjdtmdals/224379418492,아이닉 시그니처 미네랄스톤 음식물처리기 솔직 사용 후기! 장단점 총정리,1288,5,12,83,True,strong_ok,2026-08-30T00:14:16+09:00
shopping,home_appliance,무선청소기 추천 사용 후기,4,https://blog.naver.com/mxxnmxx/224381988822,[추천템] 집들이 선물 추천 ! 클래파 무선청소기 내돈내산 후기 | 클래파 초경량 자동먼지비움 BLDC 무선청소기 |부모님 선물추천 | 무선청소기 추천,1096,12,12,75,True,strong_ok,2026-08-30T00:14:12+09:00
shopping,digital_it,노트북 추천 사용 후기,5,https://blog.naver.com/wellnessnotes/224378944045,대학생 인강용 노트북 추천 갤럭시북6 프로 후기 및 스펙 분석,2864,6,12,81,True,strong_ok,2026-08-30T00:14:17+09:00
shopping,digital_it,블루투스 이어폰 추천 비교,5,https://blog.naver.com/xnara/224383216952,NEW QCY 큐씨와이 AIR 초경량 가 성비 음질좋은 블루투스 무선 이어폰 오픈형,3129,9,12,91,True,strong_ok,2026-08-30T00:14:17+09:00
shopping,digital_it,기계식 키보드 추천 후기,5,https://blog.naver.com/deuxism9/224382829936,큐센 DT35 104 무선 블루투스 기계식 게이밍 키보드 크림치즈축 저소음 조약돌 보글보글,1659,4,12,73,True,strong_ok,2026-08-30T00:14:17+09:00
shopping,beauty_body,헤어드라이어 추천 후기,5,https://blog.naver.com/sych022/224382099904,"[내돈내산] 유닉스 에어스피더 하이스피드 BLDC 드라이어 UN-A7610 1달 사용 추천 후기ㅣ장점, 단점, 가격",1032,11,12,75,True,strong_ok,2026-08-30T00:14:17+09:00
shopping,beauty_body,선크림 추천 사용 후기,5,https://blog.naver.com/awesomemin2/224370403126,올리브영 선크림 추천 '스타라이크' 촉촉한 수분 선크림 후기,2348,29,12,95,True,strong_ok,2026-08-30T00:14:18+09:00
shopping,beauty_body,샴푸 추천 솔직 후기,5,https://blog.naver.com/ditto1027/224371698821,[뷰티] 어네이즈 스칼프 샴푸&트리트먼트 기우쌤 샴푸 내돈내산 솔직후기💇🏻‍♀️,1501,13,12,87,True,strong_ok,2026-08-30T00:14:18+09:00
shopping,beauty_body,홈케어 미용기기 후기 장단점,5,https://blog.naver.com/yunheecon/224344196615,[성형과 뷰티 사이: 솔직한 50가지 이야기] 31일차: '홈케어 기기'의 진실 – 과연 미용 기기는 피부과 시술을 대체할 수 있을까?,1752,13,8,87,True,strong_ok,2026-08-30T00:28:36+09:00
shopping,living_health,자세교정 방석 후기 장단점,5,https://blog.naver.com/mmhepdatq/224383143584,하루 10분 의자 자세 교정 방석 효과 체험기,964,2,4,61,True,strong_ok,2026-08-30T00:14:18+09:00
shopping,living_health,주방세제 추천 사용 후기,5,https://blog.naver.com/thgus09150/224372978776,애벌세척 안 했는데도 놀랐어요! 에코버 제로 식기세척기 세제 후기,1791,10,12,87,True,strong_ok,2026-08-30T00:14:18+09:00
shopping,living_health,여름 보냉백 추천 후기,5,https://blog.naver.com/seyeong1020/224387453453,강릉 중앙시장 주룩주룩 양조장 내돈내산 후기! 선물용 강릉 구름신 6도 추천 (시음·부적·보냉백 꿀팁),2426,17,12,95,True,strong_ok,2026-08-30T00:14:19+09:00
shopping,food_supplement,유산균 추천 후기 비교,5,https://blog.naver.com/rorm00/224379559119,[1년 찐섭취 내돈내산] 종근당 락토핏 골드 유산균 리뉴얼 성분 비교 & 쿠팡보다 싼 5통 대용량 22% 최저가 득템 팁,1588,10,12,77,True,strong_ok,2026-08-30T00:14:19+09:00
shopping,food_supplement,단백질 보충제 추천 후기,5,https://blog.naver.com/thgus09150/224368871147,"플라이밀 단백질 쉐이크 대용량 추천, 고구마맛 초코맛 딸기맛 솔직후기",1893,9,12,83,True,strong_ok,2026-08-30T00:14:19+09:00
shopping,sports_leisure,골프 거리측정기 후기 비교,5,https://blog.naver.com/likethor100/224319690441,골프거리측정기 순위 비교하다가 파인캐디 고른 후기,2202,16,12,95,True,strong_ok,2026-08-30T00:14:19+09:00
shopping,sports_leisure,캠핑 선풍기 추천 후기,5,https://blog.naver.com/jiyoungg0306/224380637852,"캠핑 선풍기 추천, 크레모아 M14L 서큘레이터로 활용한 내돈내산 후기",2115,25,12,95,True,strong_ok,2026-08-30T00:14:20+09:00
shopping,sports_leisure,러닝화 추천 착용 후기,5,https://blog.naver.com/preej1119/224365503143,"뉴발란스1080 후기, 러너들이 꾸준히 찾는 이유",3170,24,12,85,True,strong_ok,2026-08-30T00:14:20+09:00
shopping,fashion_goods,여름 반바지 추천 착용 후기,5,https://blog.naver.com/queserasera_229/224380604953,여름 샌들 추천 내돈내산 누스 뮬 슬리퍼 3cm 착용 후기,1679,21,12,87,True,strong_ok,2026-08-30T00:14:20+09:00
shopping,baby_pet,강아지 간식 추천 급여 후기,5,https://blog.naver.com/kelly3387/224378458287,"핀서 쿠키츄 강아지 덴탈껌 급여후기, 구강 건강까지 챙기는 멀티케어 양치껌",775,13,12,75,True,strong_ok,2026-08-30T00:14:20+09:00
shopping,baby_pet,아기 장난감 추천 사용 후기,5,https://blog.naver.com/hyeonyeli/224387375879,[돌 아기 장난감 추천] 키들키들 몬테소리 원목교구 공놀이 & 퍼즐놀이 & 스피닝드럼 사용 후기,1449,20,12,87,True,strong_ok,2026-08-30T00:14:21+09:00
shopping,home_appliance,무선 선풍기 추천 후기,6,https://blog.naver.com/boradelmont/224378601478,3년째 쓰고 있는 무선 선풍기 솔직 후기 및 추천(feat.한경희 무선 선풍기),1955,5,12,83,True,strong_ok,2026-08-30T00:14:21+09:00
shopping,home_appliance,로봇청소기 추천 비교 후기,6,https://blog.naver.com/jisikroad/224372552893,[슈퍼적립] 로보락 Qrevo Curv 2 Flow 로봇청소기 26년 신형 최초 롤러형로봇청소기,3273,11,12,95,True,strong_ok,2026-08-30T00:14:21+09:00
shopping,home_appliance,음식물처리기 후기 장단점,6,https://blog.naver.com/dwing1/224381429723,"음식물처리기 추천, 미생물 vs 건조분쇄 차이? 냄새·장단점 비교",4200,5,12,91,True,strong_ok,2026-08-30T00:14:21+09:00
shopping,home_appliance,무선청소기 추천 사용 후기,6,https://blog.naver.com/nnsun2/224381063732,가성비 좋은 청소기 추천 일렉트로룩스 Well Q6 | 내돈내산 무선청소기 사용 후기,675,12,12,75,True,strong_ok,2026-08-30T00:14:22+09:00
shopping,digital_it,노트북 추천 사용 후기,6,https://blog.naver.com/kuroinu92/224387852725,"노트북 가방 추천, 스위치 슬림 브리프케이스 001 일년사용 후기",2393,16,10,95,True,strong_ok,2026-08-30T00:14:22+09:00
shopping,digital_it,블루투스 이어폰 추천 비교,6,https://blog.naver.com/jazzlubu/224360356211,"골전도 이어폰 추천, 블루투스 스포츠용으로 살펴본 볼티움 아쿠아본X",1340,9,12,83,True,strong_ok,2026-08-30T00:14:22+09:00
shopping,digital_it,기계식 키보드 추천 후기,6,https://blog.naver.com/normal_jo/224372325638,제닉스 STORMX 아크릴 팜레스트 손목 받침대,1333,10,12,87,True,strong_ok,2026-08-30T00:14:22+09:00
shopping,beauty_body,헤어드라이어 추천 후기,6,https://blog.naver.com/appleish/224379471511,샤오미 고속 음이온 헤어드라이어 내돈내산 후기,1263,7,12,83,True,strong_ok,2026-08-30T00:14:22+09:00
shopping,beauty_body,선크림 추천 사용 후기,6,https://blog.naver.com/lightlytoday/224371325029,"정샘물 선크림 후기, 촉촉한 정샘물 앰플선 발림성과 사용감",1556,10,7,87,True,strong_ok,2026-08-30T00:14:22+09:00
shopping,beauty_body,샴푸 추천 솔직 후기,6,https://blog.naver.com/yeunga30/224382024915,"바이아우어 맥주효모 81만PPM 대용량 단백질 탈모 샴푸 1020ml, 1개",1834,15,12,87,True,strong_ok,2026-08-30T00:14:23+09:00
shopping,beauty_body,홈케어 미용기기 후기 장단점,6,https://blog.naver.com/biosignal/224110597193,"홈케어 미용기기 비교 총정리, 미세전류 vs LED vs 초음파",755,2,12,61,True,strong_ok,2026-08-30T00:28:36+09:00
shopping,living_health,자세교정 방석 후기 장단점,6,https://blog.naver.com/fqona0463/224387367082,가성비 좋은 밸런스온방석으로 자세 교정하기,945,7,12,61,True,strong_ok,2026-08-30T00:14:23+09:00
shopping,living_health,여름 보냉백 추천 후기,6,https://blog.naver.com/csw7536/224373404018,"아크테릭스 헬리아드15 vs 살로몬 트레일블레이저20 백팩 비교 후기, 어떤 게 좋을까?",1121,20,12,75,True,strong_ok,2026-08-30T00:14:23+09:00
shopping,food_supplement,유산균 추천 후기 비교,6,https://blog.naver.com/alstnrk00/224382892586,락토핏종류비교 내돈내산리뷰 온가족유산균 영양제추천,738,7,12,71,True,strong_ok,2026-08-30T00:14:24+09:00
shopping,food_supplement,단백질 보충제 추천 후기,6,https://blog.naver.com/alsdud456456/224382709003,다이어트쉐이크 추천 : 단백질보충제 아임푸디 아몬드 초코맛 고단백 저당 쉐이크 후기,1851,16,12,87,True,strong_ok,2026-08-30T00:14:24+09:00
shopping,sports_leisure,골프 거리측정기 후기 비교,6,https://blog.naver.com/love_sweet38/224364909338,"2026 캐디톡 미니온2, 72g 초슬림 거리측정기 뭐가 달라졌을까(골린이 탈출템)",4176,9,12,91,True,strong_ok,2026-08-30T00:14:24+09:00
shopping,sports_leisure,러닝화 추천 착용 후기,6,https://blog.naver.com/sportswindy/224371938088,뉴발란스 프레쉬폼 1080 v14 러닝화 매일 신는 이유 데일리 러닝화 1년 실착용 솔직 후기,654,8,12,71,True,strong_ok,2026-08-30T00:14:24+09:00
shopping,fashion_goods,여름 반바지 추천 착용 후기,6,https://blog.naver.com/smurf911/224381062605,[유니클로] 린넨 코튼 쇼츠 팬츠ㅣ비침 없는 늦여름 반바지 후기 feat. 금정점,1391,15,12,87,True,strong_ok,2026-08-30T00:14:24+09:00
shopping,baby_pet,강아지 간식 추천 급여 후기,6,https://blog.naver.com/lagommy/224380388054,강아지덴탈껌 추천 포앤벳 치카벳 강아지치석제거 강아지껌 급여 후기,2467,12,12,95,True,strong_ok,2026-08-30T00:14:25+09:00
shopping,baby_pet,아기 장난감 추천 사용 후기,6,https://blog.naver.com/rin_day_log/224380560587,[내돈내산&선물템] 4개월 아기 장난감&육아템 사용 후기📝,2860,24,12,95,True,strong_ok,2026-08-30T00:14:25+09:00
