"category","category_rank","product_name","brand_or_store","search_query","top_rank","top_title","top_url","blog_name","date","search_image_count","post_image_count","post_chars","headings","tone","structure"
"가전/청소/주방가전","1","[넾다세일] 드리미 L10s Ultra Gen3 로봇청소기 사이드 브러시 엉킴 방지 열풍건조","드리미 한국 공식","드리미 한국 공식 드리미 L10s Ultra Gen3 로봇청소기 사이드","1","로봇청소기 고민 끝, 드리미 L10s Ultra Gen3 직접 써본 후기","https://blog.naver.com/apaa33/224329684452","쇼핑 천국","3일 전","6","6","2046","빈틈없는 청소 실력 / 조용하고 똑똑한 작동 / 하이엔드급 성능 / 강력한 흡입력의 매력","체험형, 추천형, 정보형, 비교형","사용 장면, 추천 대상, 구매 유도, 소제목 반복"
"가전/청소/주방가전","1","[넾다세일] 드리미 L10s Ultra Gen3 로봇청소기 사이드 브러시 엉킴 방지 열풍건조","드리미 한국 공식","드리미 한국 공식 드리미 L10s Ultra Gen3 로봇청소기 사이드","2","[넾다세일] 드리미 L10s Ultra Gen3 로봇청소기 솔직 후기: 엉킴 방지에 열풍건조까지, 가성비 끝판왕 등장!","https://blog.naver.com/rlaflsrud/224330456150","와라와라 블로거","10시간 전","5","5","1182","","체험형, 추천형, 정보형, 비교형","사용 장면, 추천 대상, 구매 유도"
"가전/청소/주방가전","1","[넾다세일] 드리미 L10s Ultra Gen3 로봇청소기 사이드 브러시 엉킴 방지 열풍건조","드리미 한국 공식","드리미 한국 공식 드리미 L10s Ultra Gen3 로봇청소기 사이드","3","[넾다세일] 드리미 L10s Ultra Gen3 로봇청소기 사이드 브러시 엉킴 방지 열풍건조드리미 한국 공식 대리점 핵심 정보 정리 | 가격&middot;특징&middot;구매처 완벽 안내","https://blog.naver.com/maru_230508/224327750294","진짜 핫딜","5일 전","0","1","948","","체험형, 추천형, 정보형, 비교형","결론/요약, 사용 장면, 구매 유도"
"가전/청소/주방가전","2","[슈퍼적립] 로보락 F25 Ace Pro 거품 진공 물걸레청소기","로보락","로보락 F25 Ace Pro 거품 진공","1","로보락 F25 Ace Pro 거품 진공 물걸레청소기 사용 후기 청소가 훨씬 편해졌어요","https://blog.naver.com/lkd8659/224316703831","기동이","3주 전","29","28","3011","","체험형, 추천형, 정보형, 비교형","결론/요약, 사용 장면, 사진 다량"
"가전/청소/주방가전","2","[슈퍼적립] 로보락 F25 Ace Pro 거품 진공 물걸레청소기","로보락","로보락 F25 Ace Pro 거품 진공","2","우리집 바닥 청소 끝판은 로보락 F25 Ace Pro로 거품 진공 무선청소기 활용법","https://blog.naver.com/rosa9406/224313813716","타악치료사","3주 전","22","22","1939","","체험형, 추천형, 정보형, 비교형","사용 장면, 장단점, 추천 대상, 구매 유도, 사진 다량"
"가전/청소/주방가전","2","[슈퍼적립] 로보락 F25 Ace Pro 거품 진공 물걸레청소기","로보락","로보락 F25 Ace Pro 거품 진공","3","완벽한 청소를 위한 로보락 F25 Ace Pro 거품 진공 물걸레 청소기","https://blog.naver.com/thesca1es/224267218583","천칭","2026.04.28.","27","28","2593","▲분리되는 오수통 / ​ ​ ​ ​ ​ ​ ​ / ▲누른 만큼 지속 분사","추천형, 정보형, 친근체","사용 장면, 구매 유도, 소제목 반복, 사진 다량"
"가전/청소/주방가전","3","삼성전자 냉장고 양문형 852L 오토오픈도어 RS84DG5202B4 젠틀블랙 솔라파워탈취","삼성공식파트너 현성전자","삼성공식파트너 현성전자 삼성전자 냉장고 양문형 오토오픈도어 RS84DG5202B4 젠틀블랙","1","삼성 양문형냉장고 RS84DG5602M9 오토오픈도어로 편하게","https://blog.naver.com/congsoon22/223611849928","라라","2024.10.08.","16","18","2684","","체험형, 추천형, 정보형, 비교형","결론/요약, 사용 장면, 장단점, 추천 대상, 사진 다량"
"가전/청소/주방가전","3","삼성전자 냉장고 양문형 852L 오토오픈도어 RS84DG5202B4 젠틀블랙 솔라파워탈취","삼성공식파트너 현성전자","삼성공식파트너 현성전자 삼성전자 냉장고 양문형 오토오픈도어 RS84DG5202B4 젠틀블랙","2","삼성 비스포크 오토오픈도어 양문형 냉장고 RS84DG5602M9 렌탈","https://blog.naver.com/rae7175/223729485360","acme","2025.01.18.","6","10","1366","","체험형, 비교형, 친근체","사용 장면, 장단점, 구매 유도, 사진 다량"
"가전/청소/주방가전","3","삼성전자 냉장고 양문형 852L 오토오픈도어 RS84DG5202B4 젠틀블랙 솔라파워탈취","삼성공식파트너 현성전자","삼성공식파트너 현성전자 삼성전자 냉장고 양문형 오토오픈도어 RS84DG5202B4 젠틀블랙","3","삼성 양문형 냉장고 RS84DG5002WW 852리터 2도어 신제품 구매했어요 ~","https://blog.naver.com/tak4791/223746282498","akskog의블로그","2025.02.03.","6","6","757","냉장고 전체샷 / 가득찼어요 ㅠ / #비스포크 #삼성양문형냉장고 #삼성2도어냉장고 #RS84DG5002WW ​ ​","체험형, 추천형, 정보형, 친근체","언박싱, 사용 장면, 구매 유도, 소제목 반복"
"가전/청소/주방가전","4","비브르 썬더 유선청소기 유선스틱청소기 헤파필터포함 V16","VIVRE KOREA","VIVRE KOREA 비브르 썬더 유선청소기 유선스틱청소기 헤파필터포함 V16","1","비브르 유선청소기 V16의 효율적인 청소 경험","https://blog.naver.com/itrsaokm68083/224048082721","아침과 저녁 사이","2025.10.21.","5","5","1171","출처-네이버이미지 / 출처-네이버이미지 / 출처-네이버이미지 / 출처-네이버이미지 / ​ ↑↑상세정보확인하기↑↑ ​","체험형, 비교형, 친근체","사용 장면, 장단점, 구매 유도, 소제목 반복"
"가전/청소/주방가전","4","비브르 썬더 유선청소기 유선스틱청소기 헤파필터포함 V16","VIVRE KOREA","VIVRE KOREA 비브르 썬더 유선청소기 유선스틱청소기 헤파필터포함 V16","2","비브르 썬더 유선청소기 V16 후기 살펴보기, 놀라운 성능과 만족감","https://blog.naver.com/assist1842/224132760650","assist1842님의 블로그","2026.01.03.","10","10","1880","https://naver.me/5PlCoOsQ / 🔧 재질과 내구성 체크 / 🎨 디자인과 편의성 점검 / 🚀 성능과 기능성 분석 / 💰 가격 대비 만족도 / ⭐ 총평 및 추천 대상 정리 / https://naver.me/5PlCoOsQ","체험형, 추천형, 정보형, 비교형","언박싱, 사용 장면, 장단점, 추천 대상, 구매 유도, 소제목 반복"
"가전/청소/주방가전","4","비브르 썬더 유선청소기 유선스틱청소기 헤파필터포함 V16","VIVRE KOREA","VIVRE KOREA 비브르 썬더 유선청소기 유선스틱청소기 헤파필터포함 V16","3","비브르 썬더 유선청소기 V16 화이트 편안함과 실용성 장단점 비교로 선택 가이드 제공","https://blog.naver.com/wznhzertb778/223633943818","박상호","2024.10.26.","0","8","5287","※ 이 리뷰는 제가 직접 사용해보고 느낀 솔직한 후기입니다. ​ 🙌 / ■ 비브르 썬더 유선청소기, v16, 화이트 ■ / ---------------------------------------- / 오늘의 핫딜 Best 51% / (⭐ 별점 ⭐ 총 4.5점 | 💬 후기 💬 총 439개 ) / ---------------------------------------- / 🚀 빠른 주문 내일 도착 🚀 / ■ 비브르 BLDC 무선 진공 청소기 VBC15, 화이트 ■","체험형, 추천형, 정보형, 비교형","결론/요약, 언박싱, 사용 장면, 장단점, 추천 대상, 구매 유도"
"가전/청소/주방가전","5","쿠쿠 파워클론 Slim 무선청소기 CVC-G820NWM 노블화이트","쿠쿠전자","쿠쿠전자 무선청소기 후기","1","가벼운 무선청소기 선택, 쿠쿠 파워클론 사용 후기","https://blog.naver.com/itexpert/224307730480","아전","4주 전","10","10","2445","1. 흡입 성능과 청소 방식 / 2. 무게와 디자인, 수납 / 3. 필터·먼지통 관리 구조 / 4. 어떤 환경에 잘 맞는 제품인가 / 아래는 쿠쿠 파워클론 Slim 무선청소기 노블화이트 주요 스펙을 간단히 정리한 표입니다. ​ ​ / 약 1.85kg / 220V 60Hz 가정용 전원 / 독립형 거치대 충전 / ​ 감사합니다. ​ #가벼운무선청소기 #쿠쿠파워클론 #쿠쿠무선청소기 ​","체험형, 추천형, 정보형, 비교형","사용 장면, 장단점, 추천 대상, 구매 유도, 소제목 반복, 사진 다량"
"가전/청소/주방가전","5","쿠쿠 파워클론 Slim 무선청소기 CVC-G820NWM 노블화이트","쿠쿠전자","쿠쿠전자 무선청소기 후기","2","쿠쿠 무선청소기 살만할까? 자취생 가성비 무선청소기 장점 단점 정리","https://blog.naver.com/wncksdptn/224310611474","생활정보 전파소","4주 전","10","10","5958","콘센트 옮겨 꽂을 필요가 적어서 편함 / 적당한 사용시간 / 원룸, 오피스텔 청소에는 긴 시간이 필요하지 않음 / 청소 후 먼지 비우기가 쉬워야 함 / 자취 초반에는 살 게 많아서 가격 부담이 중요함 / 작은 방에서는 보관 공간도 중요함 / 3. 쿠쿠 무선청소기의 장점 / 👉 쿠쿠 초강력 BLDC 파워클론","체험형, 추천형, 정보형, 비교형","결론/요약, 언박싱, 사용 장면, 장단점, 추천 대상, 구매 유도"
"가전/청소/주방가전","5","쿠쿠 파워클론 Slim 무선청소기 CVC-G820NWM 노블화이트","쿠쿠전자","쿠쿠전자 무선청소기 후기","3","무소음 쿠쿠 BLDC 선풍기 CF-MNL1210NW 추천, 자연풍 같은 부드러움","https://blog.naver.com/cl8459460/224309751642","디지털쇼퍼","4주 전","2","2","2279","","추천형, 비교형, 친근체","결론/요약, 언박싱, 사용 장면, 장단점, 추천 대상, 구매 유도"
"가전/청소/주방가전","6","필터포유 고품질 음식물처리기 필터 활성탄 리필용 국내산 탈취필터 악취제거 4팩","필터포유","필터포유 음식물처리기 필터 활성탄 리필용 탈취필터","1","필터포유 음식물 탈취 효과 있을까?","https://blog.naver.com/keepstand30/224328984913","신혼살림일기","4일 전","15","16","1914","조용한 부엌의 작은 변화 / 제품 첫인상과 스펙 / 설치와 호환성 체크 / 일상 사용 느낌 평일 출근 / 주말 외출 후 돌아왔을 때 / 특수 상황 소고기 굽기 후 / 비교 사용기 전 제품과의 차이 / 관리와 교체 주기","체험형, 추천형, 정보형, 비교형","사용 장면, 장단점, 추천 대상, 구매 유도, 소제목 반복, 사진 다량"
"가전/청소/주방가전","6","필터포유 고품질 음식물처리기 필터 활성탄 리필용 국내산 탈취필터 악취제거 4팩","필터포유","필터포유 음식물처리기 필터 활성탄 리필용 탈취필터","2","[호환] 필터포유 미닉스 더 플렌더 음식물처리기 필터 활성탄 리필용 고품질 탈취필터 4팩","https://blog.naver.com/dmsal13579/224315102229","햇빛 쏟아지다 B.B","3주 전","2","2","120","","친근체",""
"가전/청소/주방가전","6","필터포유 고품질 음식물처리기 필터 활성탄 리필용 국내산 탈취필터 악취제거 4팩","필터포유","필터포유 음식물처리기 필터 활성탄 리필용 탈취필터","3","가성비 필터포유 음식물 처리기 필터 리필 숨쉬는 탈취 활성탄 + 다용도 파우치 세트 인기상품","https://blog.naver.com/b4b1g26_qghvth/224307940706","율서천","4주 전","6","12","2271","필터포유 음식물 처리기 / 1. 필터포유 음식물 처리기 필터 리필 숨쉬는 탈취 활성탄 + 다용도 파우치 세트 / ￦ 11,470원 / 별점 : ⭐⭐⭐⭐⭐ / 2. 테팔 그룹세브코리아 블렌더 블렌데오 플러스 믹서기 / ￦ 33,210원 / 별점 : ⭐⭐⭐⭐⭐ / 3. 메이든 착즙기,실버 ,JE-75B","체험형, 추천형, 정보형, 비교형","언박싱, 사용 장면, 추천 대상, 구매 유도, 소제목 반복, 사진 다량"
"가전/청소/주방가전","7","삼성 냉장고 RS84DG5602M9 양문형 푸드쇼케이스 메탈쿨링 오토오픈 846L 젠틀실버","삼성공식파트너 현성전자","삼성공식파트너 현성전자 삼성 냉장고 RS84DG5602M9 양문형 푸드쇼케이스 메탈쿨링","1","삼성 냉장고 RS84DG5602M9 양문형 푸드쇼케이스 메탈쿨링 오토오픈 846L 젠틀실버","https://blog.naver.com/tttown63/224328895846","아싸 꿀템","4일 전","0","1","24","","",""
"가전/청소/주방가전","7","삼성 냉장고 RS84DG5602M9 양문형 푸드쇼케이스 메탈쿨링 오토오픈 846L 젠틀실버","삼성공식파트너 현성전자","삼성공식파트너 현성전자 삼성 냉장고 RS84DG5602M9 양문형 푸드쇼케이스 메탈쿨링","2","삼성 냉장고 4도어 2도어 뭘 사야할까? 비교 가격 주의할 점, 삼성전자 온누리상품권 페이백 환급","https://blog.naver.com/mind031/224312365214","은수의집 : 4인 가족 리빙","3주 전","5","5","1814","삼성 냉장고 4도어 2도어 비교 가격 주의할 점, 삼성전자 온누리상품권 페이백 환급 / 냉장고 사기 전에 주의할 점 / 오프라인 가격만 보지 않아야 하는 이유 / 온누리 상품권 20% 환급 혜택","체험형, 추천형, 정보형, 비교형","추천 대상, 구매 유도, 소제목 반복"
"가전/청소/주방가전","7","삼성 냉장고 RS84DG5602M9 양문형 푸드쇼케이스 메탈쿨링 오토오픈 846L 젠틀실버","삼성공식파트너 현성전자","삼성공식파트너 현성전자 삼성 냉장고 RS84DG5602M9 양문형 푸드쇼케이스 메탈쿨링","3","양손 가득 장봐도 냉장고 걱정 없더라고요 &ndash; 삼성 양문형 냉장고 846L 오토오픈도어 &ndash; RS84DG5602M9","https://blog.naver.com/sellomon/224318609899","셀로몬의 살까말까 리포트","2주 전","4","4","2231","구매한 분들이 공통으로 이야기하는 것들 / 👉 지금 바로 확인하고 구매하기 https://naver.me/5Hy2Ts04","체험형, 추천형, 정보형, 비교형","사용 장면, 장단점, 추천 대상, 구매 유도"
"가전/청소/주방가전","8","삼성 26년형 인버터 제습기 18L 1등급 AY70H18100GTD 연속배수 어스브라운","삼성공식파트너 보보","삼성공식파트너 보보 26년형 1등급 AY70H18100GTD 제습기","1","삼성 26년형 인버터 제습기 18L 1등급 AY70H18100GTD 가격 비교 및 구매 후기","https://blog.naver.com/teruloved/224320732057","영혼이","2주 전","2","2","1625","삼성 AY70H18100GTD / 인버터, 연속배수, 삼성 AS / 약 40~60만원대 / LG 휘센 제습기 18L급 / 듀얼 인버터, 저소음, 스마트 기능 / 약 45~65만원대 / 위닉스 뽀송 18L급 / 제습 전문 브랜드, 다양한 라인업","체험형, 추천형, 정보형, 비교형","결론/요약, 사용 장면, 추천 대상, 구매 유도, 소제목 반복"
"가전/청소/주방가전","8","삼성 26년형 인버터 제습기 18L 1등급 AY70H18100GTD 연속배수 어스브라운","삼성공식파트너 보보","삼성공식파트너 보보 26년형 1등급 AY70H18100GTD 제습기","2","[39만 원대] 삼성 26년형 인버터 제습기 18L 1등급 AY70H18100GTD 추천 할인 후기","https://blog.naver.com/eunnoopy/224306305797","은누피의 레브로그","4주 전","6","6","2167","👉 삼성 인버터 제습기 18L 최대 혜택 확인하기 / ① [에너지/효율] 초절전 인버터 1등급과 SmartThings AI 절약 가이드 / ​ 📢 ""매일 가동해도 가벼운 전기요금, 스스로 에너지를 세이브하는 스마트 브레인"" / 📋 삼성 인버터 제습기 18L (AY70H18100GTD) 상세 스펙 요약 / 모델명 / 소비전력 / 삼성 인버터 제습기 18L / 266W 고효율 저전력 / 소음 수준 / 핵심 모터 / 수면을 방해하지 않는 32dB 초저소음 / 삼성 고성능 인버터 모터","체험형, 추천형, 정보형, 비교형","결론/요약, 언박싱, 사용 장면, 구매 유도, 소제목 반복"
"가전/청소/주방가전","8","삼성 26년형 인버터 제습기 18L 1등급 AY70H18100GTD 연속배수 어스브라운","삼성공식파트너 보보","삼성공식파트너 보보 26년형 1등급 AY70H18100GTD 제습기","3","삼성 26년형 인버터 제습기 18L 1등급 AY70H18100GTD 연속배수 어스브라운 진짜 추천","https://blog.naver.com/property_2356/224328990064","property_2356님의 블로그","4일 전","4","5","2897","스펙/구성 요약 / 삼성 26년형 인버터 제습기 18L 1등급 AY70H18100GTD 연속배수 어스브라운 / AY70H18100GTD / 연속배수 표기 / 삼성 공식파트너 보보 / 총 리뷰 306개, 평균 평점 4.92 / 사용 상황별 체크 / 장마철 실내 습도 관리","체험형, 추천형, 정보형, 비교형","결론/요약, 언박싱, 사용 장면, 추천 대상, 구매 유도, 소제목 반복"
"가전/청소/주방가전","9","26년형 한일 저소음선풍기 스탠드 가정용 아기바람 무소음 Y11","한일","한일 저소음선풍기 스탠드 가정용 아기바람 무소음 선풍기","1","85,000원대 년형 한일 저소음선풍기 스탠드 가정용 아기바람 무소음 Y11한일공식몰 비교 분석 &mdash; 이 제품 선택 이유","https://blog.naver.com/maru_230508/224328605811","진짜 핫딜","4일 전","0","1","776","","체험형, 추천형, 정보형, 비교형","결론/요약, 언박싱, 구매 유도"
"가전/청소/주방가전","9","26년형 한일 저소음선풍기 스탠드 가정용 아기바람 무소음 Y11","한일","한일 저소음선풍기 스탠드 가정용 아기바람 무소음 선풍기","2","쾌적한 수면 환경을 찾는다면 한일선풍기 추천 제품인 BLDC 무소음 리모컨 모델 써보니 체크 포인트가 보이네요","https://blog.naver.com/zazog5gy8/224329183275","zazog5gy8님의 블로그","4일 전","10","11","5597","[ 한일선풍기 ] / 쾌적한 여름을 위한 선택, 나에게 딱 맞는 한일선풍기 고르기 / 한일 프리미엄 BLDC 무소음 초미풍 슬림플랫 리모컨 선풍기 / 한일 프리미엄 BLDC 무소음 초미풍 슬림플랫 리모컨 선풍기 / ￦ 69,900원 / 👉 지금 가격 확인하기 👈 / ◆ 이런 점이 좋아요 / 조용한 휴식과 섬세한 바람의 조화","체험형, 추천형, 정보형, 비교형","결론/요약, 사용 장면, 장단점, 추천 대상, 구매 유도, 소제목 반복"
"가전/청소/주방가전","9","26년형 한일 저소음선풍기 스탠드 가정용 아기바람 무소음 Y11","한일","한일 저소음선풍기 스탠드 가정용 아기바람 무소음 선풍기","3","한일전기 봉분리 아기바람 선풍기 BBF-D12W 써봤어요","https://blog.naver.com/jipj293/224328845589","우니봉","4일 전","7","9","2700","요즘처럼 무더운 여름날이면 선풍기 하나도 장르별, 용도별로 다양한 선택이 가능하죠 ㅎㅎ / 저도 오래전부터 고민하던 차에 직접 써보고 괜찮았던 점이랑 다른 좋은 제품도 같이 추천드릴게요 ㅎㅎ / BEST 01 / 한일전기 봉분리 아기바람 BLDC 리모컨 선풍기, BBF-D12W / ₩ 109,000 · 별점 : ⭐⭐⭐⭐⭐ / 한일전기 봉분리 아기바람 BLDC 리모컨 선풍기, BBF-D12W / 이 제품은 강력한 BLDC 모터가 탑재돼 있어 체감상 획기적으로 빠른 냉각을 보여줍니다 ㅎㅎ / 공기 흐름의 부드러움과 낮은 소음이 특히 자취생이 쓰기 딱 좋고요 ㅎㅎ","체험형, 추천형, 정보형, 비교형","사용 장면, 장단점, 추천 대상, 구매 유도, 소제목 반복, 사진 다량"
"가전/청소/주방가전","10","26년형 한일선풍기 BLDC 스탠드 가정용 리모컨 무소음 저소음","한일","한일 한일선풍기 BLDC 스탠드 가정용 리모컨 무소음 선풍기","1","26년형 한일선풍기 BLDC 스탠드 가정용 리모컨 무소음 저소음 구매 전 체크 포인트","https://blog.naver.com/ejh8858/224328180359","아름드리의 이모저모 기록 이야기♥","4일 전","10","10","5673","2. 구매 전에 무엇을 확인해야 할까? ​ / 26년형 한일선풍기 BLDC 스탠드 가정용 리모컨 무소음 저소음 / 89,800원 / 정가/기존가 / 179,000원 / 구매자 의견 수 / 3. 비슷한 상품과 비교할 때 기준은 뭘까? ​ / 4. 가격·배송·옵션에서 놓치기 쉬운 점은? ​","체험형, 추천형, 정보형, 비교형","결론/요약, 언박싱, 사용 장면, 장단점, 추천 대상, 구매 유도"
"가전/청소/주방가전","10","26년형 한일선풍기 BLDC 스탠드 가정용 리모컨 무소음 저소음","한일","한일 한일선풍기 BLDC 스탠드 가정용 리모컨 무소음 선풍기","2","쾌적한 수면 환경을 찾는다면 한일선풍기 추천 제품인 BLDC 무소음 리모컨 모델 써보니 체크 포인트가 보이네요","https://blog.naver.com/zazog5gy8/224329183275","zazog5gy8님의 블로그","4일 전","10","11","5597","[ 한일선풍기 ] / 쾌적한 여름을 위한 선택, 나에게 딱 맞는 한일선풍기 고르기 / 한일 프리미엄 BLDC 무소음 초미풍 슬림플랫 리모컨 선풍기 / 한일 프리미엄 BLDC 무소음 초미풍 슬림플랫 리모컨 선풍기 / ￦ 69,900원 / 👉 지금 가격 확인하기 👈 / ◆ 이런 점이 좋아요 / 조용한 휴식과 섬세한 바람의 조화","체험형, 추천형, 정보형, 비교형","결론/요약, 사용 장면, 장단점, 추천 대상, 구매 유도, 소제목 반복"
"가전/청소/주방가전","10","26년형 한일선풍기 BLDC 스탠드 가정용 리모컨 무소음 저소음","한일","한일 한일선풍기 BLDC 스탠드 가정용 리모컨 무소음 선풍기","3","한일 BLDC 무소음 리모컨 선풍기, 조용함과 편의성 구매 전 체크할 점은?","https://blog.naver.com/mjw1032718/224329718314","다이소ㅣ쿠팡ㅣ아마존 꿀템 집합소","3일 전","6","6","3603","1. 한일 BLDC 무소음 리모컨 선풍기, 어떤 사람에게 잘 맞을까? ​ / 2. 구매 전에 무엇을 확인해야 할까? ​ / 한일 BLDC 무소음 리모컨 선풍기 / 73,900원 / 정가/기존가 / 80,900원 / 3. 비슷한 상품과 비교할 때 기준은 뭘까? ​ / 4. 가격·배송·옵션에서 놓치기 쉬운 점은? ​","체험형, 추천형, 정보형, 비교형","결론/요약, 언박싱, 사용 장면, 장단점, 추천 대상, 구매 유도"
"디지털/IT/모바일","1","(162만)2026 엘지 그램 15 15Z95U-GS5SK AMD5 사무용 대학생 가벼운 노트북","LG 공식판매 윈컴솔루션스","LG 공식판매 윈컴솔루션스 엘지 그램 AMD5 사무용 대학생 가벼운 노트북","1","[최대 103만] LG그램 노트북 14그램 인텔 울트라5 125H 16GB 256GB 인강용 초경량 : LG전자인증점 티앤티정보 완벽 분석","https://blog.naver.com/38go/224062563920","38go님의블로그","2025.11.03.","21","21","2059","LG그램 노트북은 휴대성과 성능을 모두 갖춘 프리미엄 모델입니다. ​ / https://naver.me/G8hM5ey3","추천형, 비교형, 친근체","언박싱, 사용 장면, 장단점, 추천 대상, 구매 유도, 사진 다량"
"디지털/IT/모바일","1","(162만)2026 엘지 그램 15 15Z95U-GS5SK AMD5 사무용 대학생 가벼운 노트북","LG 공식판매 윈컴솔루션스","LG 공식판매 윈컴솔루션스 엘지 그램 AMD5 사무용 대학생 가벼운 노트북","2","2025년 LG 그램 Pro 사무용 노트북 추천, 강력한 성능에 나만의 AI까지 만나자","https://blog.naver.com/choiking18/223804284743","충스","2025.03.21.","25","30","3856","Cinebench23 / (고성능 작업) / 싱글: 1,980점 / 멀티: 14,310점 / 싱글: 1,331점 / 멀티: 14,617점 / Cinebench24 / 싱글: 119점 / 멀티: 805점 / Geekbench6 / (실사용 조건 종합성능)","체험형, 추천형, 비교형, 친근체","사용 장면, 추천 대상, 구매 유도, 소제목 반복, 사진 다량"
"디지털/IT/모바일","1","(162만)2026 엘지 그램 15 15Z95U-GS5SK AMD5 사무용 대학생 가벼운 노트북","LG 공식판매 윈컴솔루션스","LG 공식판매 윈컴솔루션스 엘지 그램 AMD5 사무용 대학생 가벼운 노트북","3","LG그램 프로 Ultra5 다재다능 사무용 노트북","https://blog.naver.com/uuesqle446/224055206325","빛의 향연","2025.10.27.","3","3","1322","출처-네이버이미지 / 출처-네이버이미지 / ​ ↑↑상세정보확인하기↑↑ ​","체험형, 추천형, 비교형, 친근체","사용 장면, 장단점, 추천 대상, 구매 유도, 소제목 반복"
"디지털/IT/모바일","2","메이튼 안드로이드오토 카플레이 2in1 무선 동시호환 오토프로M","메이튼","메이튼 안드로이드오토 카플레이 무선 동시호환 오토프로M","1","차량용 무선 안드로이드오토/카플레이, 메이튼 오토프로M으로 신세계 경험했어요!","https://blog.naver.com/ninetieth49196/224330049065","ninetieth49196님의 블로그","2일 전","0","2","1203","배송과 첫인상","체험형, 추천형, 정보형, 친근체","언박싱, 사용 장면, 추천 대상, 구매 유도"
"디지털/IT/모바일","2","메이튼 안드로이드오토 카플레이 2in1 무선 동시호환 오토프로M","메이튼","메이튼 안드로이드오토 카플레이 무선 동시호환 오토프로M","2","​[제품 추천] 유선 지옥 탈출! 메이튼 안드로이드오토 카플레이 2in1 무선 동시 호환 오토프로M !!","https://blog.naver.com/desire400/224328935584","애비의 쇼핑 기록","4일 전","2","2","1938","","체험형, 추천형, 정보형, 친근체","추천 대상, 구매 유도"
"디지털/IT/모바일","2","메이튼 안드로이드오토 카플레이 2in1 무선 동시호환 오토프로M","메이튼","메이튼 안드로이드오토 카플레이 무선 동시호환 오토프로M","3","메이튼 오토프로M 카플레이 동시호환 안드로이드오토 사용기","https://blog.naver.com/tinker37177/224331347276","tinker37177님의 블로그","1일 전","0","2","1753","3개월 사용 후 느낀 장점들","체험형, 추천형, 비교형, 친근체","사용 장면, 장단점, 추천 대상, 구매 유도"
"디지털/IT/모바일","3","[중고] 레노버 노트북 씽크패드 X1 Carbon Gen7 i5","smartstore.naver.com","레노버 노트북 씽크패드 X1 Carbon Gen7","1","손쉬운 조작 X1카본 레노버 ThinkPad X1 Carbon Gen7 i5-10210U/8G/NVMe SSD 256G/윈11 14인치 사무용 노트북 추천합니다.","https://blog.naver.com/j6b3o3eykhamds/224328280772","도성누","5일 전","6","12","2493","레노버 ThinkPad X1 / ￦ 349,000원 / 별점 : ⭐⭐⭐⭐⭐ / ￦ 399,000원 / 별점 : ⭐⭐⭐⭐⭐ / 3. 레노버 씽크패드 X1 카본 9세대 14인치 노트북 / ￦ 650,000원 / 별점 : ⭐⭐⭐⭐⭐","체험형, 추천형, 정보형, 비교형","언박싱, 사용 장면, 추천 대상, 구매 유도, 소제목 반복, 사진 다량"
"디지털/IT/모바일","3","[중고] 레노버 노트북 씽크패드 X1 Carbon Gen7 i5","smartstore.naver.com","레노버 노트북 씽크패드 X1 Carbon Gen7","2","강추 보기 [중고] 레노버 노트북 씽크패드 X1 Carbon Gen7 i5-8세대 윈도우11 프로 언제나 좋은 기분","https://blog.naver.com/lkfubumc/224330393555","lkfubumc님의 블로그","2일 전","8","11","2432","왜 이걸 찾게 됐는지 / 사용 환경과 사용 기간 / 직접 써본 핵심 포인트 / 아쉬운 점과 주의사항 / 다른 대안과 비교 / 구매 전 셀프 체크 6문항 / 자주 묻는 질문(FAQ)","체험형, 추천형, 정보형, 비교형","결론/요약, 사용 장면, 장단점, 추천 대상, 구매 유도, 소제목 반복"
"디지털/IT/모바일","3","[중고] 레노버 노트북 씽크패드 X1 Carbon Gen7 i5","smartstore.naver.com","레노버 노트북 씽크패드 X1 Carbon Gen7","3","[홍대 노트북 수리] 레노버 싱크패드 X1 카본(Carbon) GEN7 키보드 고장 교체 수리","https://blog.naver.com/bhj7786/224317642001","홍대 NY컴퓨터(02)336-8804","3주 전","19","22","3403","홍대 NY컴퓨터 / ​ ✨KCA 한국컴퓨터협회 정식 등록 업체✨","체험형, 추천형, 정보형, 친근체","결론/요약, 사용 장면, 사진 다량"
"디지털/IT/모바일","4","앤커 사운드코어 리버티4 NC 노이즈캔슬링 블루투스이어폰 A3947","brand.naver.com","앤커 사운드코어 리버티4 NC 노이즈캔슬링 블루투스이어폰 이어폰","1","노이즈캔슬링 이어폰, 앤커 사운드코어 리버티 4 NC 리뷰","https://blog.naver.com/djusti/224105700779","버들붕어","2025.12.11.","6","6","2781","노이즈캔슬링 이어폰, 앤커 사운드코어 리버티 4 / 주요 스펙과 기본 특징 ​ / 노이즈캔슬링 성능과 음질 / 착용감과 통화 성능 / 배터리 성능과 편의 기능 / 장점과 단점 요약 / 이런 분들에게 추천합니다 / 결론: ANC 입문자부터 실속파까지 만족할 모델","추천형, 비교형, 친근체","결론/요약, 사용 장면, 장단점, 추천 대상, 구매 유도, 소제목 반복"
"디지털/IT/모바일","4","앤커 사운드코어 리버티4 NC 노이즈캔슬링 블루투스이어폰 A3947","brand.naver.com","앤커 사운드코어 리버티4 NC 노이즈캔슬링 블루투스이어폰 이어폰","2","성능 좋은 노이즈 캔슬링 블루투스 이어폰 추천 앤커 사운드코어 리버티4 NC","https://blog.naver.com/bbongho357/224150706870","미스터봉","2026.01.18.","21","19","1698","앤커 사운드코어 리버티4 NC 노이즈 캔슬링 블루투스 이어폰 A3947 / 앱을 통한 디테일한 제어","체험형, 추천형, 비교형, 친근체","사용 장면, 추천 대상, 구매 유도, 사진 다량"
"디지털/IT/모바일","4","앤커 사운드코어 리버티4 NC 노이즈캔슬링 블루투스이어폰 A3947","brand.naver.com","앤커 사운드코어 리버티4 NC 노이즈캔슬링 블루투스이어폰 이어폰","3","앤커 사운드코어 리버티4 NC 노이즈캔슬링 블루투스이어폰 A3947 후기","https://blog.naver.com/q4xi6awzry/224328679643","라콩","4일 전","7","9","1001","https://naver.me/5xgL9XMn / 구매 전 보였던 고민과 기대되는 부분 / 앤커 사운드코어 리버티4 NC 노이즈캔슬링 블루투스이어폰 A3947 / ₩ 64,900 / 별점 : ⭐⭐⭐⭐⭐ / 처음에는 가격과 성능을 함께 고려했어요, / 기대하던 건 깔끔한 디자인과 편안한 착용감이었어요 :) / 무선 연결이 쉽고 끊김 없는 것도 중요한 선택 기준이 됐어요 ^^","체험형, 추천형, 정보형, 비교형","결론/요약, 사용 장면, 장단점, 추천 대상, 구매 유도, 소제목 반복"
"디지털/IT/모바일","5","앤커 사운드코어 리버티5 노이즈캔슬링 블루투스 이어폰 A3957","brand.naver.com","앤커 사운드코어 리버티5 노이즈캔슬링 블루투스 이어폰","1","앤커 사운드코어 리버티 5 프로 노이즈캔슬링 무선 이어폰 음질 HearID 5.0 ANC 사용 후기","https://blog.naver.com/dduksaboo/224331879532","순담작가","1일 전","27","26","4763","앤커 사운드코어 리버티 5 프로 핵심 정보 / 플랫보다는 선명하고 힘 있는 음색 / (다음 곡을 재생하려면 두번 터치를 하시면 됩니다.) / HearID 5.0 이어폰을 사용자에게 맞추는 과정 / AI 사운드 강화와 Dolby Atmos 차이 / Adaptive ANC 4.0 실사용 체감 / ​ 참고로 실제 차음 정도는 이어팁 크기, 착용 깊이, 귀 모양에 따라 달라집니다. ​ / 리버티 5 프로 쿠팡 페이지","체험형, 추천형, 정보형, 비교형","언박싱, 사용 장면, 장단점, 추천 대상, 구매 유도, 소제목 반복"
"디지털/IT/모바일","5","앤커 사운드코어 리버티5 노이즈캔슬링 블루투스 이어폰 A3957","brand.naver.com","앤커 사운드코어 리버티5 노이즈캔슬링 블루투스 이어폰","2","앤커 사운드코어 리버티5 노이즈캔슬링 블루투스이어폰 개봉기 후기","https://blog.naver.com/ishine75/224071621240","꽃잔","2025.11.10.","17","16","2446","​ 앤커 사운드코어 리버티5 노이즈캔슬링 블루투스 이어폰 A3957 / 언박싱 – 실용적인 구성, 깔끔한 패키징 / 일단 박스를 열었을 때 첫인상은 “깔끔하다”였습니다. ​ / ​ 착~ 밀어올리면 열리는 케이스 사용씬도 은근 킬포입니다!! ​ / 디자인 – 작지만 세밀하게 다듬어진 형태 / 9.2mm 드라이버의 균형 잡힌 밸런스 / 짧게 들어본 첫 사운드에서도 앤커의 사운드 기술력이 느껴졌습니다. ​ / 최대 48시간 배터리 / IP55 생활 방수","체험형, 추천형, 정보형, 비교형","언박싱, 사용 장면, 추천 대상, 구매 유도, 소제목 반복, 사진 다량"
"디지털/IT/모바일","5","앤커 사운드코어 리버티5 노이즈캔슬링 블루투스 이어폰 A3957","brand.naver.com","앤커 사운드코어 리버티5 노이즈캔슬링 블루투스 이어폰","3","앤커 사운드코어 리버티5 노이즈캔슬링 블루투스 이어폰 A3957","https://blog.naver.com/prp812fj/224328566510","초코도비","4일 전","7","9","1801","https://naver.me/5l2xjtn4 / ₩ 89,990 / 별점 : ⭐⭐⭐⭐⭐ / 다른 제품과 비교했을 때 가격과 성능 모두 만족스러워서 선택하게 되었어요 / 개봉·첫 인상 / 양도 적당했고 수납이 편해서 마음에 들었어요 ^^ / 2 ~ 3 주 써본 체감 / 자주 사용하면서 배터리 지속력과 음질이 인상적이었어요,","체험형, 추천형, 정보형, 비교형","결론/요약, 언박싱, 사용 장면, 장단점, 추천 대상, 구매 유도"
"디지털/IT/모바일","6","USB C타입 to 3.5mm 이어폰잭 어댑터 플러스","brand.naver.com","USB C타입 to 이어폰잭 어댑터 플러스 이어폰","1","USB C타입 to 3.5mm 이어폰잭 어댑터 플러스, 끊김 없는 사운드의 비결, 알고 계신가요?","https://blog.naver.com/mqzrjshb793680_kx/224257478886","가식 커피 이야기","2026.04.20.","0","4","1308","USB C타입 to 3.5mm 이어폰잭 어댑터 플러스 / naver.me / 오래된 명곡, 그대로 느끼고 싶을 때 / 성능은 물론, 휴대성까지 잡은 완벽한 솔루션 / 망설임 없이 선택해야 하는 이유, 그 놀라운 가치","체험형, 비교형, 친근체","사용 장면, 장단점, 구매 유도, 소제목 반복"
"디지털/IT/모바일","6","USB C타입 to 3.5mm 이어폰잭 어댑터 플러스","brand.naver.com","USB C타입 to 이어폰잭 어댑터 플러스 이어폰","2","USB C타입 to 3.5mm 이어폰잭 어댑터 플러스","https://blog.naver.com/gjjmowzn169959_dy/224251693455","가족의 시간 패왕","2026.04.14.","0","4","1933","리뷰 593개, 평점 4.86 / naver.me / 작은 변화로 삶의 질을 높여보세요","체험형, 추천형, 정보형, 비교형","사용 장면, 장단점, 구매 유도, 소제목 반복"
"디지털/IT/모바일","6","USB C타입 to 3.5mm 이어폰잭 어댑터 플러스","brand.naver.com","USB C타입 to 이어폰잭 어댑터 플러스 이어폰","3","혁신적인 사운드 경험, USB C타입 to 3.5mm 이어폰잭 어댑터 플러스!","https://blog.naver.com/htmcxuxax21721_cy/224252721157","명상하는 넘버링","2026.04.16.","0","4","1242","USB C타입 to 3.5mm 이어폰잭 어댑터 플러스 / naver.me / ​ ​ ​ 혁신적인 사운드 경험, USB C타입 to 3.5mm 이어폰잭 어댑터 플러스! ​ ​ / 답답함에서 벗어나 자유로운 음악 감상 / 직접 사용해 본 생생한 후기: 편리함과 뛰어난 음질 / 놀라운 가격으로 만나는 탁월한 가치","체험형, 추천형, 정보형, 비교형","사용 장면, 구매 유도, 소제목 반복"
"디지털/IT/모바일","7","마타스튜디오 에어튠 블루투스 이어폰 커널형 ANC 노이즈캔슬링","brand.naver.com","마타스튜디오 에어튠 블루투스 이어폰 커널형 ANC","1","가성비블루투스이어폰 추천 마타스튜디오 에어튠 일상 속 솔직 후기","https://blog.naver.com/whdrn123/224296173883","부냥집사의 더 즐거운 IT","2026.05.25.","19","19","2404","가성비 블루투스 이어폰 추천 마타스튜디오 에어튠 일상 속 솔직 후기 / 갓성비! 무선충전이 된다고? 외형 및 충전 정보 / 실착용 및 만족스러운 점 / 저는 다음에 더 즐거운 제품리뷰로 찾아뵙겠습니다. ​ ​","체험형, 추천형, 비교형, 친근체","언박싱, 사용 장면, 추천 대상, 구매 유도, 소제목 반복, 사진 다량"
"디지털/IT/모바일","7","마타스튜디오 에어튠 블루투스 이어폰 커널형 ANC 노이즈캔슬링","brand.naver.com","마타스튜디오 에어튠 블루투스 이어폰 커널형 ANC","2","마타스튜디오 에어튠, 가성비 노이즈캔슬링 블루투스 무선 이어폰 추천","https://blog.naver.com/newgisadan/224157430753","릴라킹","2026.01.23.","23","23","2282","마타스튜디오 에어튠 / ANC 노이즈 캔슬링","추천형, 비교형, 친근체","언박싱, 사용 장면, 추천 대상, 구매 유도, 사진 다량"
"디지털/IT/모바일","7","마타스튜디오 에어튠 블루투스 이어폰 커널형 ANC 노이즈캔슬링","brand.naver.com","마타스튜디오 에어튠 블루투스 이어폰 커널형 ANC","3","마타스튜디오 에어튠 블루투스 이어폰의 실용성","https://blog.naver.com/songhs4451/224258130961","굿맨의 정보 정보","2026.04.22.","11","12","1913","​ ​ https://naver.me/GFs2cksP / 휴대성과 편리함의 조화 / 노이즈캔슬링의 강력한 효과 / 쉽게 관리하는 유지 보수법 / 추천 사용자와 활용 팁 / ▲ 자세한 내용은 위 링크에서 확인하실 수 있습니다 ▲ ​ ​ ​ ▼ 이미지 더보기 ▼","체험형, 추천형, 정보형, 비교형","사용 장면, 추천 대상, 구매 유도, 소제목 반복, 사진 다량"
"디지털/IT/모바일","8","만컴즈 Z스탠드 알루미늄 접이식 노트북 태블릿 거치대","smartstore.naver.com","만컴즈 Z스탠드 알루미늄 접이식 노트북 태블릿","1","🧑&zwj;💻노트북 자세가 달라지면 하루가 편해집니다 &ndash; 만컴즈 Z스탠드 알루미늄 접이식 거치대 분석","https://blog.naver.com/pisibook/224132772654","담담","2026.01.07.","0","1","2299","","체험형, 추천형, 정보형, 비교형","결론/요약, 사용 장면, 장단점, 추천 대상, 구매 유도"
"디지털/IT/모바일","8","만컴즈 Z스탠드 알루미늄 접이식 노트북 태블릿 거치대","smartstore.naver.com","만컴즈 Z스탠드 알루미늄 접이식 노트북 태블릿","2","만컴즈 Z스탠드 알루미늄 접이식 노트북 거치대 후기","https://blog.naver.com/n9dy200/224328560897","도담이봉","4일 전","7","9","1233","작업하면서 노트북 쿨링이 잘 안돼요, / https://naver.me/GDQb02el / 구매 전 봤던 부분 / 만컴즈 Z스탠드 알루미늄 접이식 노트북 거치대 아이패드 태블릿 스탠드 받침대 / ₩ 32,900 / 별점 : ⭐⭐⭐⭐⭐ / 처음 써본 느낌 / 거의 매일 쓰면서 내구성에 대해서도 관심이 생겼는데, 오랜 사용에 걱정이 없어요 :)","체험형, 추천형, 정보형, 비교형","사용 장면, 장단점, 추천 대상, 구매 유도, 소제목 반복, 사진 다량"
"디지털/IT/모바일","8","만컴즈 Z스탠드 알루미늄 접이식 노트북 태블릿 거치대","smartstore.naver.com","만컴즈 Z스탠드 알루미늄 접이식 노트북 태블릿","3","만컴즈 Z스탠드 알루미늄 노트북 비밀코드 안내","https://blog.naver.com/shinkgs62wzw1/224331660471","니니콩덕봉","1일 전","7","9","1405","처음 기대는 가볍고 견고한 디자인이랑 간편한 접힘 기능이 과연 생활에 잘 맞을까 해서였답니다 ^^ / https://naver.me/GDQb02el / 구매하기 전 살펴봤던 부분과 비교할 제품들 / 만컴즈 Z스탠드 알루미늄 접이식 노트북 거치대 아이패드 태블릿 스탠드 받침대 / ₩ 32,900 / 별점 : ⭐⭐⭐⭐⭐ / 처음엔 간단히 제작하여 바로 테스트했는데 생각보다 안정감이 뛰어나서 놀랐어요 :) / 가장 편한 점은 가볍고 접히는 구조로 어디든 쉽게 옮길 수 있다는 거예요,","체험형, 추천형, 정보형, 비교형","결론/요약, 사용 장면, 장단점, 추천 대상, 구매 유도, 소제목 반복"
"디지털/IT/모바일","9","[대여] 게이밍 노트북렌탈 대여 렌트 고성능 RTX3070 1일","smartstore.naver.com","게이밍 노트북렌탈 대여 렌트 고성능 RTX3070 노트북","1","대여 노트북 고성능 RTX3070 리뷰","https://blog.naver.com/zb-cgqpfx6/224328769548","온기슈니","4일 전","7","9","1267","최근에 급하게 고성능 노트북이 필요해서 이 제품을 찾았는데, 사실 처음엔 / 가격도 적당하고 조건도 좋아 보여서 깜짝 놀랐거든요 ㅎㅎ / https://naver.me/G8f7CeLo / 첫인상, MSI노트북 깔끔하고 묵직함이 느껴졌어요 / [대여] 게이밍 노트북렌탈 대여 렌트 고성능 RTX3070 1일 / ₩ 4,800 / 별점 : ⭐⭐⭐⭐⭐ / 무게감이 느껴질 정도로 튼튼해 보였고,","체험형, 추천형, 정보형, 비교형","결론/요약, 언박싱, 사용 장면, 장단점, 추천 대상, 구매 유도"
"디지털/IT/모바일","9","[대여] 게이밍 노트북렌탈 대여 렌트 고성능 RTX3070 1일","smartstore.naver.com","게이밍 노트북렌탈 대여 렌트 고성능 RTX3070 노트북","2","고성능 RTX3070 게이밍 노트북 렌탈 직접 써본 솔직 후기","https://blog.naver.com/hubbub48141/224331936643","hubbub48141님의 블로그","1일 전","6","7","680","배송과 첫인상","체험형, 추천형, 비교형, 친근체","언박싱, 사용 장면, 추천 대상, 구매 유도"
"디지털/IT/모바일","9","[대여] 게이밍 노트북렌탈 대여 렌트 고성능 RTX3070 1일","smartstore.naver.com","게이밍 노트북렌탈 대여 렌트 고성능 RTX3070 노트북","3","대여 게이밍 노트북렌탈 대여 렌트의 성능과 활용 후 소감","https://blog.naver.com/am4o3uvzb9xxju3sh/224327749817","콩미","5일 전","7","9","1301","실제로 대여하면서 체감한 후기를 솔직하게 전해 드릴게요 ^^ / https://naver.me/G8f7CeLo / 구매 이유와 첫인상 / [대여] 게이밍 노트북렌탈 대여 렌트 고성능 RTX3070 1일 / ₩ 4,800 / 별점 : ⭐⭐⭐⭐⭐ / 2~3주 써본 체감 / 게임할 때는 특히 과열 걱정 없이 빠르게 반응해줘서 만족스러웠어요 ^^","체험형, 추천형, 정보형, 비교형","결론/요약, 사용 장면, 장단점, 추천 대상, 구매 유도, 소제목 반복"
"디지털/IT/모바일","10","[재고보유] 삼성 갤럭시북 인텔 울트라5 윈도우11Pro탑재 가성비 노트북","smartstore.naver.com","삼성 울트라5 윈도우11Pro탑재 노트북","1","32기가 삼성노트북 필요하세요? 갤럭시북4 NT750XGR-A28A 사용기 정리","https://blog.naver.com/lm4wlijxo/224326893102","lm4wlijxo님의 블로그","6일 전","8","9","8521","[ 32기가삼성노트북 ] / ￦ 4,509,000원 / 👉 지금 가격 확인하기 👈 / ◆ 이런 점이 좋아요 / 차세대 AI 성능을 품은 강력한 퍼포먼스 / ◆ 이런 분께 추천 / 크리에이터 및 고사양 게이머에게 추천해요 / ✔ 직접 써본 후기","체험형, 추천형, 정보형, 비교형","결론/요약, 사용 장면, 장단점, 추천 대상, 구매 유도, 소제목 반복"
"디지털/IT/모바일","10","[재고보유] 삼성 갤럭시북 인텔 울트라5 윈도우11Pro탑재 가성비 노트북","smartstore.naver.com","삼성 울트라5 윈도우11Pro탑재 노트북","2","LG그램Pro360 vs 갤럭시북5 프로 360, 어떤 제품이 맞을까?","https://blog.naver.com/ep5n0ac3ds6nnbeq/224326646484","ep5n0ac3ds6nnbeq님의 블로그","6일 전","8","9","9002","[ lg그램pro360 ] / ￦ 2,609,000원 / 👉 지금 가격 확인하기 👈 / ◆ 이런 점이 좋아요 / AI와 S펜으로 창의력을 더하다, 갤럭시북5 프로 360 / ◆ 이런 분께 추천 / 다재다능한 활용이 필요한 크리에이터 및 전문가에게 / ✔ 직접 써본 후기","체험형, 추천형, 정보형, 비교형","결론/요약, 사용 장면, 장단점, 추천 대상, 구매 유도, 소제목 반복"
"디지털/IT/모바일","10","[재고보유] 삼성 갤럭시북 인텔 울트라5 윈도우11Pro탑재 가성비 노트북","smartstore.naver.com","삼성 울트라5 윈도우11Pro탑재 노트북","3","갤럭시북5프로14인치 직접 써본 삼성전자 노트북 휴대성 만족스러웠어요","https://blog.naver.com/wcu5qop/224326919144","wcu5qop님의 블로그","6일 전","5","6","5598","[ 갤럭시북5프로14인치 ] / 인텔 코어 울트라 탑재! 스마트한 일상을 위한 갤럭시북5 프로 14인치 / ￦ 2,169,000원 / 👉 지금 가격 확인하기 👈 / ◆ 이런 점이 좋아요 / 균형 잡힌 성능과 저장 공간, 첫 번째 선택지 / ◆ 이런 분께 추천 / 다재다능한 활용, 넉넉한 저장 공간을 원한다면","체험형, 추천형, 정보형, 비교형","결론/요약, 사용 장면, 장단점, 추천 대상, 구매 유도, 소제목 반복"
"뷰티/헤어/바디","1","빠른 건조 차이슨 드라이기 bldc 헤어 드라이기 드라이어","브리즈ON","브리즈ON 빠른 건조 차이슨 드라이기 bldc 헤어","1","차이슨 드라이기 BLDC 헤어드라이어","https://blog.naver.com/clover2628/224197362466","Ignite","2026.02.27.","19","18","1482","쇼핑커넥트 링크 포함 내돈주고 구매한 리뷰 / ​ ​ ​ ​ ​ ​ ​ ​ ​ ​ ​ ​ ​ ​ ​ ​ / ​ ​ ​ ​ ​ ​ ​ ​ ​ ​ ​ ​ ​ ​ ​ ​ ​ / ​ ​ ​ ​ ​ ​ ​ ​ ​ ​ ​ / 풍량 및 온도조절 그리고 바람세기등은 영상으로 확인하세요 / ​ ​ ​ ​ ​ ​ ​ ​ ​ ​ ​ ​ ​ ​ ​ ​ ​ ​ ​ / ​ ​ ​ ​ ​ ​ ​ ​ ​ ​","체험형, 추천형, 친근체","언박싱, 사용 장면, 구매 유도, 소제목 반복, 사진 다량"
"뷰티/헤어/바디","1","빠른 건조 차이슨 드라이기 bldc 헤어 드라이기 드라이어","브리즈ON","브리즈ON 빠른 건조 차이슨 드라이기 bldc 헤어","2","빠른 건조 차이슨 드라이기 bldc 헤어 드라이기 드라이어브리즈ON 스펙 및 가격 비교","https://blog.naver.com/maru_230508/224314597185","진짜 핫딜","3주 전","0","0","555","","체험형, 추천형, 정보형, 비교형","장단점, 구매 유도"
"뷰티/헤어/바디","1","빠른 건조 차이슨 드라이기 bldc 헤어 드라이기 드라이어","브리즈ON","브리즈ON 빠른 건조 차이슨 드라이기 bldc 헤어","3","[빠른건조] 차이슨드라이기 bldc 헤어드라이기 드라이어 : 브리즈ON, 혁신적인 초강풍과 스타일링 효과를 경험하세요","https://blog.naver.com/poodingsss/224149437416","poodingsss님의 블로그","2026.01.16.","9","9","1152","디자인과 성능 모두에서 높은 만족도를 제공하는 제품입니다. ​ / https://naver.me/FQyOu16n","추천형, 정보형, 비교형, 친근체","사용 장면, 장단점, 추천 대상, 구매 유도, 사진 다량"
"뷰티/헤어/바디","2","레터네 차이슨 헤어 드라이기 BLDC 미용실 CS2026 PRO 단일노즐","레터네","레터네 차이슨 헤어 드라이기 BLDC 미용실","1","레터네 차이슨 헤어드라이기 BLDC CS2026 PRO 직접 써본 솔직 사용기","https://blog.naver.com/redhnded12093/224332364293","redhnded12093님의 블로그","1일 전","8","9","1380","배송과 첫인상","체험형, 추천형, 친근체","언박싱, 사용 장면, 추천 대상, 구매 유도, 사진 다량"
"뷰티/헤어/바디","2","레터네 차이슨 헤어 드라이기 BLDC 미용실 CS2026 PRO 단일노즐","레터네","레터네 차이슨 헤어 드라이기 BLDC 미용실","2","레터네 레터네 차이슨 헤어 드라이기 BLDC 미용실 CS2026 PRO 단일노즐 꼼꼼하게 분석해봤어요","https://blog.naver.com/yungkk-/224332605467","핫템을 최저가로!","5시간 전","0","1","848","","체험형, 추천형, 정보형, 친근체","결론/요약, 사용 장면, 구매 유도"
"뷰티/헤어/바디","2","레터네 차이슨 헤어 드라이기 BLDC 미용실 CS2026 PRO 단일노즐","레터네","레터네 차이슨 헤어 드라이기 BLDC 미용실","3","레터네 차이슨 헤어드라이기 BLDC CS2026 PRO 직접 써본 솔직 사용기","https://blog.naver.com/recursion21341/224332504308","recursion21341님의 블로그","9시간 전","3","4","885","배송과 첫인상","체험형, 추천형, 비교형, 친근체","언박싱, 사용 장면, 추천 대상, 구매 유도"
"뷰티/헤어/바디","3","파나소닉 남성용 바디 트리머 방수 ER-GK60","파나소닉","파나소닉 ER-GK60","1","파나소닉 남성용 바디 트리머 ER-GK60 직접 써본 솔직 사용기","https://blog.naver.com/thstpfk32628/224297440285","thstpfk32628님의 블로그","2026.05.27.","5","6","1867","정교한 디자인과 인체공학적 설계 / 실제 사용 후기: 만족도 높은 경험 / 구매 정보 및 총평","체험형, 추천형, 정보형, 비교형","사용 장면, 장단점, 추천 대상, 구매 유도, 소제목 반복"
"뷰티/헤어/바디","3","파나소닉 남성용 바디 트리머 방수 ER-GK60","파나소닉","파나소닉 ER-GK60","2","파나소닉 ER-GK60 남성 바디 트리머 직접 써본 솔직 사용기","https://blog.naver.com/teutonic40723/224302298991","세상모든꿀팁 ㅣ영업·창업·부업·투잡·부동산·코인·주식","2시간 전","7","8","2068","깔끔한 자기 관리를 위한 필수템, 파나소닉 ER-GK60 / 솔직 담백! 파나소닉 ER-GK60 실제 사용 후기 / 마무리하며: 깔끔한 남자를 위한 현명한 선택","체험형, 추천형, 정보형, 비교형","결론/요약, 사용 장면, 장단점, 추천 대상, 구매 유도, 소제목 반복"
"뷰티/헤어/바디","3","파나소닉 남성용 바디 트리머 방수 ER-GK60","파나소닉","파나소닉 ER-GK60","3","파나소닉 트리머 ER-GK60, 3달 써보니 털 관리 이것만 있으면 끝!","https://blog.naver.com/bwnva3206546/224315375586","bwnva3206546님의 블로그","3주 전","8","10","1973","","체험형, 추천형, 정보형, 비교형","언박싱, 사용 장면, 장단점, 추천 대상, 구매 유도, 사진 다량"
"뷰티/헤어/바디","4","최다판매 스테디셀러 JMW M5001A PLUS PRO 고성능 터보 항공모터 헤어 드라이기","엘리첸","엘리첸 최다판매 JMW M5001A PLUS PRO 고성능 드라이기","1","3번 구매한 JMW드라이기 후기 JMW M5001A PLUS PRO","https://blog.naver.com/naburi1108/224329544665","매일 조금씩 두터워지기","3일 전","13","12","1587","거치대도 같이구매했어용 ❗️ ​ ​ / 제일 만족스러운 부분은 1700W 강력한 BLDC 항공모터라 바람이 진짜 강해요🫶 / 선도 길어요ㅋㅋㅋㅋㅋㅋ / 제가 쓰던 블랙컬러도 한 번 거치대에 해봤어용 ​","체험형, 추천형, 정보형, 비교형","사용 장면, 장단점, 추천 대상, 구매 유도, 소제목 반복, 사진 다량"
"뷰티/헤어/바디","4","최다판매 스테디셀러 JMW M5001A PLUS PRO 고성능 터보 항공모터 헤어 드라이기","엘리첸","엘리첸 최다판매 JMW M5001A PLUS PRO 고성능 드라이기","2","JMW M5001A PLUS PRO 터보 항공모터 드라이기 &ndash; 강력한 바람, 빠른 건조, 머릿결 살리기","https://blog.naver.com/aoy2k75/224310678690","Yang's Life","4주 전","7","6","4032","▸ 최다판매 스테디셀러라는 게 정말이구나 / ▸ 색상과 디자인도 깔끔하더라 / ▸ 바람 세기는 정말 달랐다 / ▸ 음이온이 나오는 게 정말 느껴진다 / ▸ 냉풍이 정말 미열이 없다 / ▸ 현재 가격 상황 / ▸ 경쟁 제품 대비 비교 / ▸ 이런 분들에게 강력 추천","체험형, 추천형, 정보형, 비교형","결론/요약, 사용 장면, 장단점, 추천 대상, 구매 유도, 소제목 반복"
"뷰티/헤어/바디","4","최다판매 스테디셀러 JMW M5001A PLUS PRO 고성능 터보 항공모터 헤어 드라이기","엘리첸","엘리첸 최다판매 JMW M5001A PLUS PRO 고성능 드라이기","3","아침 준비 시간 반으로 단축! 💨 JMW M5001A PLUS PRO 항공모터 헤어 드라이기 (최다판매 스테디셀러","https://blog.naver.com/bbsr_s2/224311864605","쇼핑중","3주 전","6","6","2009","","추천형, 정보형, 비교형, 친근체","사용 장면, 추천 대상, 구매 유도"
"뷰티/헤어/바디","5","스테디셀러 JMW 에어젯 울트라 PRO 고성능 터보 항공모터 헤어 드라이기","JMW","JMW 에어젯 울트라 PRO 고성능 터보 드라이기","1","고성능 JMW 에어젯 울트라 PRO 헤어 드라이기로 빠르고 강력한 스타일링하기","https://blog.naver.com/loguy65/224331540261","loguy65님의블로그","1일 전","3","4","800","인사말 소제목 / 주요 특징과 성능 / 이럴 때 활용하면 좋습니다 / 이 제품의 핵심 포인트 / #스타일링 #헤어드라이기 #아이오닉기술 #JMW","체험형, 추천형, 정보형, 비교형","사용 장면, 장단점, 추천 대상, 구매 유도, 소제목 반복"
"뷰티/헤어/바디","5","스테디셀러 JMW 에어젯 울트라 PRO 고성능 터보 항공모터 헤어 드라이기","JMW","JMW 에어젯 울트라 PRO 고성능 터보 드라이기","2","스테디셀러 JMW 에어젯 울트라 PRO 드라이기로 2주 사용 후기와 느낀 점","https://blog.naver.com/vwhoygcyu7/224329832218","소소하지만 소중한 순간의 기록","3일 전","4","5","1200","진짜 필요한 드라이기 찾았어요 / 처음 받아 본 날 느낌 / 진짜 효과는 어때요 / 아쉬운 점도 살짝 있었어요 / 매일 쓰게 되는 이유 / 가성비 좋은 전문가용 드라이기 추천해요 / ​ ​ 📍📍 필요하면 한번 들여다보셔도 좋아요 📍📍 ​","체험형, 추천형, 정보형, 비교형","사용 장면, 장단점, 추천 대상, 구매 유도, 소제목 반복"
"뷰티/헤어/바디","5","스테디셀러 JMW 에어젯 울트라 PRO 고성능 터보 항공모터 헤어 드라이기","JMW","JMW 에어젯 울트라 PRO 고성능 터보 드라이기","3","항공모터 드라이기의 차이! JMW 에어젯 울트라 PRO 헤어드라이기 추천 후기","https://blog.naver.com/hi_yudal/224312780990","남다른블로그","3주 전","2","2","861","""이 포스팅은 네이버 쇼핑 커넥트 활동의 일환으로, 판매 발생 시 수수료를 제공받습니다."" ​ ​ / JMW 에어젯 울트라 PRO / JMW 에어젯 울트라 PRO / 일반 드라이기 / BLDC 항공모터 / 빠른 건조 도움 / 편안한 그립감 / 드라이·스타일링","체험형, 추천형, 친근체","사용 장면, 추천 대상, 구매 유도, 소제목 반복"
"뷰티/헤어/바디","6","유닉스 BLDC 디오 저소음 경량 드라이기  UN","brand.naver.com","유닉스 BLDC 디오 저소음 경량 드라이기","1","유닉스드라이기 유닉스 BLDC 디오 저소음 경량 드라이기 UN-A7360B 고르는 기준 알려드릴게요","https://blog.naver.com/postincome/224314572915","포스트인컴","3주 전","7","7","2343","03. 이런 분들께 유닉스 UN-A7360B를 추천해요 / 자주하는질문","체험형, 추천형, 정보형, 비교형","사용 장면, 장단점, 추천 대상, 구매 유도"
"뷰티/헤어/바디","6","유닉스 BLDC 디오 저소음 경량 드라이기  UN","brand.naver.com","유닉스 BLDC 디오 저소음 경량 드라이기","2","유닉스 디오 BLDC 저소음 경량 드라이기 UN-A7300N 리뷰 | 강력한 바람&middot;345g 초경량&middot;조용함의 완벽 조합","https://blog.naver.com/strongks/224328502400","알송남","4일 전","3","4","2670","드라이기답지 않은 조용함, 그리고 강한 바람의 정체 / 올리브영 오특 구매하기","체험형, 추천형, 정보형, 비교형","결론/요약, 사용 장면, 장단점, 추천 대상, 구매 유도"
"뷰티/헤어/바디","6","유닉스 BLDC 디오 저소음 경량 드라이기  UN","brand.naver.com","유닉스 BLDC 디오 저소음 경량 드라이기","3","유닉스 BLDC 디오 드라이기, 저소음과 강력한 풍량으로 1석 2조 효과","https://blog.naver.com/lxehxnjxn/224330416006","예지닝의 쇼핑리뷰","2일 전","0","1","1524","조용한 사용감과 저소음 / 손목이 편안한 가벼운 무게 / 강력하고 시원한 바람 / 세심한 기능과 높은 성능","체험형, 추천형, 정보형, 비교형","사용 장면, 장단점, 추천 대상, 구매 유도, 소제목 반복"
"뷰티/헤어/바디","7","차이슨 드라이기 헤어 드라이어 CS2026 최신형 BLDC 항공모터","smartstore.naver.com","차이슨 드라이기 헤어 드라이어 CS2026 BLDC","1","레터네 차이슨 헤어드라이기 BLDC CS2026 PRO 직접 써본 솔직 사용기","https://blog.naver.com/redhnded12093/224332364293","redhnded12093님의 블로그","1일 전","8","9","1380","배송과 첫인상","체험형, 추천형, 친근체","언박싱, 사용 장면, 추천 대상, 구매 유도, 사진 다량"
"뷰티/헤어/바디","7","차이슨 드라이기 헤어 드라이어 CS2026 최신형 BLDC 항공모터","smartstore.naver.com","차이슨 드라이기 헤어 드라이어 CS2026 BLDC","2","레터네 차이슨 CS2026 PRO BLDC 드라이기 직접 써본 솔직 사용기","https://blog.naver.com/petrel15490/224331126453","petrel15490님의 블로그","2일 전","8","9","2661","배송과 첫인상 / 3개월 사용 후 느낀 장점들","체험형, 추천형, 정보형, 비교형","결론/요약, 언박싱, 사용 장면, 장단점, 추천 대상, 구매 유도"
"뷰티/헤어/바디","7","차이슨 드라이기 헤어 드라이어 CS2026 최신형 BLDC 항공모터","smartstore.naver.com","차이슨 드라이기 헤어 드라이어 CS2026 BLDC","3","3개월 써보고 인생템 등극! 레터네 차이슨 헤어 드라이기 BLDC CS2026 PRO 솔직 후기","https://blog.naver.com/cucumber28929/224330138913","cucumber28929님의 블로그","2일 전","5","6","798","배송과 첫인상","체험형, 추천형, 친근체","언박싱, 사용 장면, 추천 대상, 구매 유도"
"뷰티/헤어/바디","8","필립스 샤티넬 8000 시리즈 모근제거기 라이트블루 BRE709/00+바디스크럽","필립스","필립스 샤티넬 시리즈 모근제거기 라이트블루 BRE709","1","필립스 BRE709/00+바디스크럽, 이런 분께 맞는지 장단점 기준으로 보기","https://blog.naver.com/postincome/224316439659","포스트인컴","3주 전","7","7","2233","01. 필립스 BRE709/00의 핵심 기능과 특징 / 02. 이런 분께 필립스 샤티넬 8000 시리즈를 추천해요 / 03. 구매 전 확인해야 할 스펙과 가격 / 자주하는질문","체험형, 추천형, 정보형, 비교형","언박싱, 사용 장면, 장단점, 추천 대상, 구매 유도, 소제목 반복"
"뷰티/헤어/바디","8","필립스 샤티넬 8000 시리즈 모근제거기 라이트블루 BRE709/00+바디스크럽","필립스","필립스 샤티넬 시리즈 모근제거기 라이트블루 BRE709","2","모근제거기 필립스 샤티넬 BRE709 선택 기준","https://blog.naver.com/dean4001/224315174790","아디티","3주 전","12","12","2581","여름철 바디 관리에 맞춘 필립스 모근제거기 / 필립스 샤티넬 8000 BRE709/00 스펙 / 습식 및 건식 사용 / 32개 핀셋 모근 제모 헤드 / 사용 시간/충전 시간 / 1회 충전 최대 60분 / 3시간 충전 / 무선 사용 / 충전식 배터리(USB-A 충전) / 악세서리 구성품","체험형, 추천형, 정보형, 비교형","언박싱, 사용 장면, 장단점, 구매 유도, 소제목 반복, 사진 다량"
"뷰티/헤어/바디","8","필립스 샤티넬 8000 시리즈 모근제거기 라이트블루 BRE709/00+바디스크럽","필립스","필립스 샤티넬 시리즈 모근제거기 라이트블루 BRE709","3","코스트코 인기템 필립스 샤티넬 모근제거기 라이트블루 깔끔한 모근","https://blog.naver.com/raon375/224288240764","키파 IT 노트","4일 전","11","11","1784","이 포스팅은 네이버 쇼핑 커넥트 활동의 일환으로 판매시 수수료를 제공 받습니다. ​ / 필립스 샤티넬 모근제거기 라이트블루 첫 인상 / 습식 사용감과 제모력, 통증까지 솔직하게 / 잔털 잡아주는 조명과 사용 팁, 아쉬운 점","체험형, 추천형, 정보형, 친근체","결론/요약, 사용 장면, 장단점, 구매 유도, 소제목 반복, 사진 다량"
"뷰티/헤어/바디","9","오아 소닉플로우 미니 드라이기 고속 BLDC 헤어 드라이어 음이온 초경량 휴대용 여행용 수영장","오아","오아 소닉플로우 미니 드라이기 고속 BLDC","1","미니 휴대용 초경량 BLDC 드라이기 오아 소닉플로우","https://blog.naver.com/euni4441/224329234798","로지","3일 전","17","18","1389","제품 상세 정보 / ​ ​ 셋째, 음이온 케어 기능이 있어 정전기를 방지하고 모발을 차분하게 정리해 줍니다. ​ ​ / 이런 분들께 추천합니다","추천형, 정보형, 비교형, 친근체","사용 장면, 장단점, 추천 대상, 소제목 반복, 사진 다량"
"뷰티/헤어/바디","9","오아 소닉플로우 미니 드라이기 고속 BLDC 헤어 드라이어 음이온 초경량 휴대용 여행용 수영장","오아","오아 소닉플로우 미니 드라이기 고속 BLDC","2","무신사 헤어드라이기 추천 여행용 오아 소닉플로우 미니 특가","https://blog.naver.com/home617/224331063870","공대남편","2일 전","10","11","2435","","추천형, 정보형, 비교형, 친근체","사용 장면, 추천 대상, 구매 유도, 사진 다량"
"뷰티/헤어/바디","9","오아 소닉플로우 미니 드라이기 고속 BLDC 헤어 드라이어 음이온 초경량 휴대용 여행용 수영장","오아","오아 소닉플로우 미니 드라이기 고속 BLDC","3","오아 소닉플로우 미니드라이기 추천 4살 아이머리말리기 쉬워요","https://blog.naver.com/1-027/224331753602","늬늬","1일 전","33","31","3497","#오아 #소닉플로우 #아이머리말리기 #미니드라이기 #드라이기추천","체험형, 추천형, 정보형, 비교형","언박싱, 사용 장면, 장단점, 추천 대상, 구매 유도, 사진 다량"
"뷰티/헤어/바디","10","고양이 고기능성 건식사료, 허피스&구내염&유산균&관절&헤어볼 등 기능성 라인업","brand.naver.com","고양이","1","고양이꿈 꾸고 나서 당장 해몽 확인해야 하는 상황","https://blog.naver.com/lhspdb8/224316203149","루다오빠","2주 전","14","14","2190","① 생생한 고양이꿈 의미 / ② 검은 고양이 나타남 / ③ 다치거나 아픈 동물 / ④ 많은 고양이 둘러싸임 / ⑤ 집으로 들어오는 상황 / #고양이꿈 #꿈해몽","추천형, 정보형, 비교형, 친근체","장단점, 소제목 반복, 사진 다량"
"뷰티/헤어/바디","10","고양이 고기능성 건식사료, 허피스&구내염&유산균&관절&헤어볼 등 기능성 라인업","brand.naver.com","고양이","2","펫보험 추천 강아지 고양이 보험 가격 가격 비교하고 알아보자","https://blog.naver.com/sgs5611/224313898887","☘️해와바다-상위1프로 RMR상품 기획","3주 전","8","8","2281","​ ​ ​ ​ ​ ​ ​ ​ ​ ​ ​ ​ ​ ​","체험형, 추천형, 비교형, 친근체","사용 장면, 추천 대상, 사진 다량"
"뷰티/헤어/바디","10","고양이 고기능성 건식사료, 허피스&구내염&유산균&관절&헤어볼 등 기능성 라인업","brand.naver.com","고양이","3","별나라간 새끼고양이 리찌를 기리며.. (새끼고양이 증후군 돌연사 증상)","https://blog.naver.com/heebaby_0810/224309212780","ㅇr기참ㅅH의 일상✨","4주 전","31","31","2732","​ 5월 21일 눈도 못 뜬 새끼 고양이 리찌를 주웠다. ​ / 급한대로 쿠팡박스에다 ..ㅎㅎ / 리찌가 똥을 이틀동안 못쌋던 일 / 우리 리찌 병원에서 마지막 모습","추천형, 친근체","장단점, 소제목 반복, 사진 다량"
"생활/건강/욕실","1","디클 원샷클린 습식청소기 패브릭 쇼파 카페트 매트리스 침구 물흡입 청소기 + 헤드 5종","디클","디클 원샷클린 습식청소기 패브릭 쇼파 카페트","1","카페드 패브릭소파 청소 디클 원샷클린 스팀 습식청소기로 깔끔하게","https://blog.naver.com/hodu_kimzi/223988176796","지똥이","2025.08.29.","35","34","1775","디클 원샷클린 스팀 습식청소기 # 카페트청소 # 패브릭소파청소 # 스팀청소기 # 습식청소기 / 살모넬라균, 페렴균, 대장균, 황색포도상구균 99% 살균 ​ ​ ​ ​ ​ ​ / ​ ​ 8종 멀티 헤트를 무료로 제공해주니 청소에 진심인 제 맘에 쏙 들었다는- / ​ ​ ​ ​ ​ ​ ​ ​ / #습식청소기 #원샷클린 # 스팀청소기 #침구청소기 #패브릭소파청소 #습식청소기추천 ​","체험형, 추천형, 정보형, 친근체","사용 장면, 추천 대상, 구매 유도, 소제목 반복, 사진 다량"
"생활/건강/욕실","1","디클 원샷클린 습식청소기 패브릭 쇼파 카페트 매트리스 침구 물흡입 청소기 + 헤드 5종","디클","디클 원샷클린 습식청소기 패브릭 쇼파 카페트","2","디클 원샷클린 습식청소기 쇼파 카페트 묵은때 완벽 제거 후기","https://blog.naver.com/qurelle25034/224332283384","qurelle25034님의 블로그","1일 전","3","4","1505","3개월 사용 후 느낀 장점들","체험형, 추천형, 비교형, 친근체","사용 장면, 장단점, 추천 대상, 구매 유도"
"생활/건강/욕실","1","디클 원샷클린 습식청소기 패브릭 쇼파 카페트 매트리스 침구 물흡입 청소기 + 헤드 5종","디클","디클 원샷클린 습식청소기 패브릭 쇼파 카페트","3","홈카페 쇼파 얼룩 고민이라면 디클 원샷클린 습식 청소기 써봤어요","https://blog.naver.com/tcqojpbd9/224331802556","tcqojpbd9님의 블로그","1일 전","6","7","5389","[ 쇼파습식청소기 ] / 가족 모두가 안심! 얼룩덜룩 쇼파, 뽀송하게 되돌리는 습식 청소기 / [최신형] 틴도우 다용도 패브릭 청소기 가정용 카페트 침구 쇼파 습식청소기 C3, 블랙 / [최신형] 틴도우 다용도 패브릭 청소기 가정용 카페트 침구 쇼파 습식청소기 C3, 블랙 / ￦ 139,900원 / 👉 지금 가격 확인하기 👈 / ◆ 이런 점이 좋아요 / 꼼꼼한 청소와 편리함을 한번에, 틴도우 C3","체험형, 추천형, 정보형, 비교형","결론/요약, 사용 장면, 장단점, 추천 대상, 구매 유도, 소제목 반복"
"생활/건강/욕실","2","코코도르 그란데 디퓨저 500ml 3개입 집들이선물 실내방향제 인테리어 양재동꽃시장","brand.naver.com","코코도르 그란데 디퓨저 집들이선물 실내방향제 인테리어 방향제","1","코코도르 그란데 프리미엄 디퓨저 대용량 실내방향제 추천","https://blog.naver.com/kimga410/224328120576","홍차와","5일 전","23","23","2116","​ ​ 박스 겉면으로 보호스티커가 붙어있으니 개봉 전 깔끔하게 떼어내고 바로 열어보기 ​ ​ / ​ ​ 실내방향제 추천 코코도르 디퓨저 사용후기 ​ ​","체험형, 추천형, 정보형, 친근체","언박싱, 사용 장면, 추천 대상, 구매 유도, 사진 다량"
"생활/건강/욕실","2","코코도르 그란데 디퓨저 500ml 3개입 집들이선물 실내방향제 인테리어 양재동꽃시장","brand.naver.com","코코도르 그란데 디퓨저 집들이선물 실내방향제 인테리어 방향제","2","코코도르 그란데 디퓨저 3개 집들이선물 감성 속 작은 쉼표 놓기","https://blog.naver.com/puzzlecloud54/224319887691","균형채움숲","2주 전","5","6","1328","​ ♥♥️♥♥️⬆️지금바로확인하기⬆⬆️♥♥️ / 오늘도 좋은 하루 되세요 ​","추천형, 정보형, 친근체","결론/요약"
"생활/건강/욕실","2","코코도르 그란데 디퓨저 500ml 3개입 집들이선물 실내방향제 인테리어 양재동꽃시장","brand.naver.com","코코도르 그란데 디퓨저 집들이선물 실내방향제 인테리어 방향제","3","코코도르 그란데 디퓨저 500ml 3개 세트 집들이선물로 딱 좋아서 2주 써본 후기","https://blog.naver.com/cfxlzhszpu/224293791741","오늘의 시선","2026.05.22.","5","6","1007","집들이선물로 고민하다 샀어요 / 처음 받아본 느낌과 구성 / 실제로 2주 써보니 / 선물용으로도 자신 있는 제품 / 코코도르 그란데 디퓨저 최종평 / ​ ​ 제품 정보 확인 👇 🔻🔻🔻🔻🔻🔻🔻🔻🔻🔻🔻🔻🔻 / #코코도르 #그란데 #디퓨저 #개입 #집들이선물 #실내방향제 #인테리어","체험형, 추천형, 친근체","사용 장면, 장단점, 추천 대상, 구매 유도, 소제목 반복"
"생활/건강/욕실","3","1+1 더클래스 퍼퓸 사쉐 차량용 방향제 피치바흐 20g","brand.naver.com","더클래스 퍼퓸 사쉐 차량용 방향제 피치바흐","1","새차선물추천 차량용 방향제 찾는다면 더클래스 퍼퓸사쉐 블루밍코튼","https://blog.naver.com/myyoukim/224313792758","리리","3주 전","16","16","2768","","체험형, 추천형, 비교형, 친근체","사용 장면, 추천 대상, 사진 다량"
"생활/건강/욕실","3","1+1 더클래스 퍼퓸 사쉐 차량용 방향제 피치바흐 20g","brand.naver.com","더클래스 퍼퓸 사쉐 차량용 방향제 피치바흐","2","차량용 방향제, 더클래스 퍼퓸 사쉐 1+1 득템 찬스!","https://blog.naver.com/heosy0306/224328246576","Heo Home Lab","2일 전","10","10","5272","1. 1+1 더클래스 퍼퓸 사쉐 차량용 방향제 피치바흐 20g, 어떤 사람에게 잘 맞을까? ​ / 2. 구매 전에 무엇을 확인해야 할까? ​ / 1+1 더클래스 퍼퓸 사쉐 차량용 방향제 피치바흐 20g / 10,000원 / 정가/기존가 / 21,800원 / 3. 비슷한 상품과 비교할 때 기준은 뭘까? ​ / 4. 가격·배송·옵션에서 놓치기 쉬운 점은? ​","체험형, 추천형, 정보형, 비교형","언박싱, 사용 장면, 장단점, 추천 대상, 구매 유도, 소제목 반복"
"생활/건강/욕실","3","1+1 더클래스 퍼퓸 사쉐 차량용 방향제 피치바흐 20g","brand.naver.com","더클래스 퍼퓸 사쉐 차량용 방향제 피치바흐","3","더클래스 차량용 방향제 피치바흐 20g 자동차 걸이형 퍼퓸 사쉐 새차선물THECLASS 더 클래스 알아볼 때 이 글 하나로 끝내세요","https://blog.naver.com/kumama256/224331386500","쇼핑집착남","1일 전","0","1","828","","체험형, 추천형, 정보형, 친근체","결론/요약, 사용 장면, 구매 유도"
"생활/건강/욕실","4","피에브 고체 탈취제 화장실 실내 냄새 제거 방향제 250g 1개","brand.naver.com","피에브 고체 탈취제 화장실 실내 냄새 방향제","1","피에브 에어워셔 고체 탈취제 화장실 실내 냄새 제거 방향제 피톤치드, 250g, 1개피에브 스토어 제대로 알고 사세요 &mdash; 핵심 정보 총정리","https://blog.naver.com/maru_230508/224326529883","진짜 핫딜","6일 전","0","1","884","","체험형, 추천형, 정보형, 비교형","결론/요약, 언박싱, 추천 대상, 구매 유도"
"생활/건강/욕실","4","피에브 고체 탈취제 화장실 실내 냄새 제거 방향제 250g 1개","brand.naver.com","피에브 고체 탈취제 화장실 실내 냄새 방향제","2","💚 내돈내산 피에브 에어워셔 고체 탈취제 후기 :) 화장실 냄새 제거 추천","https://blog.naver.com/himira12/224319334244","민채와 함께 하는 일상 블로그","2주 전","7","8","1547","","체험형, 추천형, 정보형, 비교형","사용 장면, 장단점, 추천 대상, 구매 유도, 사진 다량"
"생활/건강/욕실","4","피에브 고체 탈취제 화장실 실내 냄새 제거 방향제 250g 1개","brand.naver.com","피에브 고체 탈취제 화장실 실내 냄새 방향제","3","피에브 에어워셔 화장실 냄새 제거 방향제 3개월 사용 후기","https://blog.naver.com/regenerte59414/224325336253","regenerte59414님의 블로그","1주 전","3","4","1841","배송과 첫인상 / 3개월 사용 후 느낀 장점들 / 이런 분들께 추천해요","체험형, 추천형, 정보형, 비교형","언박싱, 사용 장면, 장단점, 추천 대상, 소제목 반복"
"생활/건강/욕실","5","헤트라스 프리미엄 대용량 디퓨저 500mlx3개 선물세트 실내방향제 인테리어","brand.naver.com","헤트라스 디퓨저 실내방향제 인테리어 방향제","1","실내방향제 추천 많이 보이던 헤트라스 디퓨저 이유 있었네요","https://blog.naver.com/love_jjoono/224290213820","도리","2026.05.19.","8","9","1819","실내방향제 고를 때 가장 중요한 부분 / 헤트라스 디퓨저가 많이 보이는 이유 / 호텔우드 향이 부담 없이 괜찮더라고요 / 인테리어 소품처럼 두기 좋은 디자인 / 성분 부분도 체크하게 되더라고요 / 집들이 선물로도 많이 찾는 이유","추천형, 정보형, 비교형, 친근체","사용 장면, 장단점, 추천 대상, 구매 유도, 소제목 반복, 사진 다량"
"생활/건강/욕실","5","헤트라스 프리미엄 대용량 디퓨저 500mlx3개 선물세트 실내방향제 인테리어","brand.naver.com","헤트라스 디퓨저 실내방향제 인테리어 방향제","2","실내방향제 고르는 법｜헤트라스 대용량 디퓨저 가성비&middot;향&middot;디자인 꼼꼼 분석","https://blog.naver.com/yes2429/224329348748","::SSOY BOUTIQUE:: 쏘이부티크 캔들공방","3일 전","11","11","4750","실내방향제 고르는 법｜헤트라스 대용량 디퓨저 가성비·향·디자인 꼼꼼 분석 / 51,380원 / 원래 가격 기준 / 25,800원 / 49% 할인 적용 / 500ml × 3병 / 대용량으로 오래 사용 가능 / 5가지 (블랙 체리, 자몽, 플라워 파크, 북 스토어, 허그 솝)","체험형, 추천형, 정보형, 비교형","사용 장면, 장단점, 추천 대상, 구매 유도, 소제목 반복, 사진 다량"
"생활/건강/욕실","5","헤트라스 프리미엄 대용량 디퓨저 500mlx3개 선물세트 실내방향제 인테리어","brand.naver.com","헤트라스 디퓨저 실내방향제 인테리어 방향제","3","""현명한 소비 방법..."" 헤트라스 프리미엄 대용량 디퓨저 500mlx3개 선물세트 실내방향제 인테리어 호텔우드","https://blog.naver.com/classzo/224329100012","classzo님의 블로그","4일 전","8","7","2711","작은 공간에서 사용해봤더니 / 몇주 계속 써보니 / 가격 판단해봤더니 / 관리해봤더니 / 최종 확인해보니 / 헤트라스 프리미엄 대용량 디퓨저 500mlx3개 선물세트 실내방향제 인테리어 플라워샵 / 아로마방향제/디퓨저 / 대용량 500ml 병 3개 구성, 선물포장 포함","체험형, 추천형, 정보형, 비교형","결론/요약, 언박싱, 사용 장면, 장단점, 구매 유도, 소제목 반복"
"생활/건강/욕실","6","헤트라스 프리미엄 대용량 디퓨저 500mlx2개 선물세트 실내방향제 인테리어","brand.naver.com","헤트라스 디퓨저 실내방향제 인테리어 방향제","1","실내방향제 추천 많이 보이던 헤트라스 디퓨저 이유 있었네요","https://blog.naver.com/love_jjoono/224290213820","도리","2026.05.19.","8","9","1819","실내방향제 고를 때 가장 중요한 부분 / 헤트라스 디퓨저가 많이 보이는 이유 / 호텔우드 향이 부담 없이 괜찮더라고요 / 인테리어 소품처럼 두기 좋은 디자인 / 성분 부분도 체크하게 되더라고요 / 집들이 선물로도 많이 찾는 이유","추천형, 정보형, 비교형, 친근체","사용 장면, 장단점, 추천 대상, 구매 유도, 소제목 반복, 사진 다량"
"생활/건강/욕실","6","헤트라스 프리미엄 대용량 디퓨저 500mlx2개 선물세트 실내방향제 인테리어","brand.naver.com","헤트라스 디퓨저 실내방향제 인테리어 방향제","2","실내방향제 고르는 법｜헤트라스 대용량 디퓨저 가성비&middot;향&middot;디자인 꼼꼼 분석","https://blog.naver.com/yes2429/224329348748","::SSOY BOUTIQUE:: 쏘이부티크 캔들공방","3일 전","11","11","4750","실내방향제 고르는 법｜헤트라스 대용량 디퓨저 가성비·향·디자인 꼼꼼 분석 / 51,380원 / 원래 가격 기준 / 25,800원 / 49% 할인 적용 / 500ml × 3병 / 대용량으로 오래 사용 가능 / 5가지 (블랙 체리, 자몽, 플라워 파크, 북 스토어, 허그 솝)","체험형, 추천형, 정보형, 비교형","사용 장면, 장단점, 추천 대상, 구매 유도, 소제목 반복, 사진 다량"
"생활/건강/욕실","6","헤트라스 프리미엄 대용량 디퓨저 500mlx2개 선물세트 실내방향제 인테리어","brand.naver.com","헤트라스 디퓨저 실내방향제 인테리어 방향제","3","""현명한 소비 방법..."" 헤트라스 프리미엄 대용량 디퓨저 500mlx3개 선물세트 실내방향제 인테리어 호텔우드","https://blog.naver.com/classzo/224329100012","classzo님의 블로그","4일 전","8","7","2711","작은 공간에서 사용해봤더니 / 몇주 계속 써보니 / 가격 판단해봤더니 / 관리해봤더니 / 최종 확인해보니 / 헤트라스 프리미엄 대용량 디퓨저 500mlx3개 선물세트 실내방향제 인테리어 플라워샵 / 아로마방향제/디퓨저 / 대용량 500ml 병 3개 구성, 선물포장 포함","체험형, 추천형, 정보형, 비교형","결론/요약, 언박싱, 사용 장면, 장단점, 구매 유도, 소제목 반복"
"생활/건강/욕실","7","헤트라스 헤리티지 퍼퓸 디퓨저 600mlx2개 선물세트 대용량 실내방향제 인테리어 밤쉘","brand.naver.com","헤트라스 헤리티지 퍼퓸 디퓨저 실내방향제 인테리어 방향제","1","헤트라스 헤리티지 디퓨저 집들이디퓨저 추천, 공간마다 향 나누는 실내방향제","https://blog.naver.com/aon1225/224330379637","리뷰영이","1일 전","9","9","1855","","체험형, 추천형, 정보형, 친근체","언박싱, 추천 대상, 구매 유도, 사진 다량"
"생활/건강/욕실","7","헤트라스 헤리티지 퍼퓸 디퓨저 600mlx2개 선물세트 대용량 실내방향제 인테리어 밤쉘","brand.naver.com","헤트라스 헤리티지 퍼퓸 디퓨저 실내방향제 인테리어 방향제","2","헤트라스 헤리티지 퍼퓸 디퓨저 600mlx2개 선물세트 대용량 실내방향제 인테리어 밤쉘 공간을 가득 채우는 은은하고 고급스러운 향기로 삶의 질을 높이다 드디어 이걸로 정착했어요","https://blog.naver.com/mdv1993/224323999141","mdv1993님의 블로그","2주 전","5","7","1330","","체험형, 추천형, 비교형, 친근체","결론/요약, 사용 장면, 장단점, 추천 대상, 구매 유도"
"생활/건강/욕실","7","헤트라스 헤리티지 퍼퓸 디퓨저 600mlx2개 선물세트 대용량 실내방향제 인테리어 밤쉘","brand.naver.com","헤트라스 헤리티지 퍼퓸 디퓨저 실내방향제 인테리어 방향제","3","헤트라스 헤리티지 퍼퓸 디퓨저 600mlx3개 선물세트 대용량 실내방향제 인테리어 밤쉘 추천 !","https://blog.naver.com/gift-joa/224306547866","기프트몰 gift-mall.net","4주 전","7","7","1752","","체험형, 추천형, 정보형, 비교형","사용 장면, 장단점, 추천 대상, 구매 유도"
"생활/건강/욕실","8","헤트라스 헤리티지 퍼퓸 디퓨저 600mlx3개 선물세트 대용량 실내방향제 인테리어 밤쉘","brand.naver.com","헤트라스 헤리티지 퍼퓸 디퓨저 실내방향제 인테리어 방향제","1","헤트라스 헤리티지 디퓨저 집들이디퓨저 추천, 공간마다 향 나누는 실내방향제","https://blog.naver.com/aon1225/224330379637","리뷰영이","1일 전","9","9","1855","","체험형, 추천형, 정보형, 친근체","언박싱, 추천 대상, 구매 유도, 사진 다량"
"생활/건강/욕실","8","헤트라스 헤리티지 퍼퓸 디퓨저 600mlx3개 선물세트 대용량 실내방향제 인테리어 밤쉘","brand.naver.com","헤트라스 헤리티지 퍼퓸 디퓨저 실내방향제 인테리어 방향제","2","헤트라스 헤리티지 퍼퓸 디퓨저 600mlx2개 선물세트 대용량 실내방향제 인테리어 밤쉘 공간을 가득 채우는 은은하고 고급스러운 향기로 삶의 질을 높이다 드디어 이걸로 정착했어요","https://blog.naver.com/mdv1993/224323999141","mdv1993님의 블로그","2주 전","5","7","1330","","체험형, 추천형, 비교형, 친근체","결론/요약, 사용 장면, 장단점, 추천 대상, 구매 유도"
"생활/건강/욕실","8","헤트라스 헤리티지 퍼퓸 디퓨저 600mlx3개 선물세트 대용량 실내방향제 인테리어 밤쉘","brand.naver.com","헤트라스 헤리티지 퍼퓸 디퓨저 실내방향제 인테리어 방향제","3","헤트라스 헤리티지 퍼퓸 디퓨저 600mlx3개 선물세트 대용량 실내방향제 인테리어 밤쉘 추천 !","https://blog.naver.com/gift-joa/224306547866","기프트몰 gift-mall.net","4주 전","7","7","1752","","체험형, 추천형, 정보형, 비교형","사용 장면, 장단점, 추천 대상, 구매 유도"
"생활/건강/욕실","9","헤트라스 프리미엄 대용량 디퓨저 500mlx5개 선물세트 실내방향제","brand.naver.com","헤트라스 디퓨저 실내방향제 방향제","1","실내 디퓨저 추천 헤트라스 대용량 향 지속력과 가성비 구매 팁은?","https://blog.naver.com/happy_hworld/224327010261","안녕희야","5일 전","4","14","2281","대용량 가성비와 명품 향기를 동시에 잡은 헤트라스 디퓨저 / 요즘 감성 숙소나 카페에서 자주 보이는 그 제품, 바로 헤트라스 프리미엄 대용량 디퓨저입니다. ​ / 머무는 공간의 품격을 높이는 가장 쉬운 방법 / 10% 쿠폰 적용 혜택가 / 18,900원 / 약 17,010원 / 약 8,505원 / 25,800원","체험형, 추천형, 정보형, 비교형","사용 장면, 추천 대상, 구매 유도, 소제목 반복, 사진 다량"
"생활/건강/욕실","9","헤트라스 프리미엄 대용량 디퓨저 500mlx5개 선물세트 실내방향제","brand.naver.com","헤트라스 디퓨저 실내방향제 방향제","2","실내방향제 추천 많이 보이던 헤트라스 디퓨저 이유 있었네요","https://blog.naver.com/love_jjoono/224290213820","도리","2026.05.19.","8","9","1819","실내방향제 고를 때 가장 중요한 부분 / 헤트라스 디퓨저가 많이 보이는 이유 / 호텔우드 향이 부담 없이 괜찮더라고요 / 인테리어 소품처럼 두기 좋은 디자인 / 성분 부분도 체크하게 되더라고요 / 집들이 선물로도 많이 찾는 이유","추천형, 정보형, 비교형, 친근체","사용 장면, 장단점, 추천 대상, 구매 유도, 소제목 반복, 사진 다량"
"생활/건강/욕실","9","헤트라스 프리미엄 대용량 디퓨저 500mlx5개 선물세트 실내방향제","brand.naver.com","헤트라스 디퓨저 실내방향제 방향제","3","실내방향제 고르는 법｜헤트라스 대용량 디퓨저 가성비&middot;향&middot;디자인 꼼꼼 분석","https://blog.naver.com/yes2429/224329348748","::SSOY BOUTIQUE:: 쏘이부티크 캔들공방","3일 전","11","11","4750","실내방향제 고르는 법｜헤트라스 대용량 디퓨저 가성비·향·디자인 꼼꼼 분석 / 51,380원 / 원래 가격 기준 / 25,800원 / 49% 할인 적용 / 500ml × 3병 / 대용량으로 오래 사용 가능 / 5가지 (블랙 체리, 자몽, 플라워 파크, 북 스토어, 허그 솝)","체험형, 추천형, 정보형, 비교형","사용 장면, 장단점, 추천 대상, 구매 유도, 소제목 반복, 사진 다량"
"생활/건강/욕실","10","헤트라스 메가 프리미엄 대용량 디퓨저 리필 1,010ml 실내방향제 인테리어 사무실 블랙체리","brand.naver.com","헤트라스 메가 디퓨저 리필 실내방향제 인테리어 방향제","1","헤트라스 메가 프리미엄 대용량 디퓨저 리필로 집 안 분위기 한층 더 좋아졌어요","https://blog.naver.com/8s0b7tsn73/224329322379","찾아봤더니","2일 전","5","6","1276","대용량 디퓨저를 찾던 중에 / 처음 받아봤을 때 느낌 / 실제로 써보니 어땠나 / 비슷한 제품과 비교했을 때 / 인테리어 효과와 실내 분위기 변화 / 대용량 리필로 향기 오래 쓰고 싶다면 / ​ ​ 👀👀👀 이 제품 향과 용량 궁금하면 한번 둘러보세요 👀👀👀 ​ / #대용량디퓨저 #실내방향제 #블랙체리향 #디퓨저리필액 #인테리어디퓨저","체험형, 추천형, 정보형, 비교형","사용 장면, 추천 대상, 소제목 반복"
"생활/건강/욕실","10","헤트라스 메가 프리미엄 대용량 디퓨저 리필 1,010ml 실내방향제 인테리어 사무실 블랙체리","brand.naver.com","헤트라스 메가 디퓨저 리필 실내방향제 인테리어 방향제","2","헤트라스 메가 프리미엄 대용량 디퓨저 리필 실내방향제 사용기","https://blog.naver.com/tjsdhlwnd/224331298146","tjsdhlwnd님의 블로그","1일 전","5","6","1315","3개월 사용 후 느낀 장점들","체험형, 추천형, 비교형, 친근체","사용 장면, 장단점, 추천 대상, 구매 유도"
"생활/건강/욕실","10","헤트라스 메가 프리미엄 대용량 디퓨저 리필 1,010ml 실내방향제 인테리어 사무실 블랙체리","brand.naver.com","헤트라스 메가 디퓨저 리필 실내방향제 인테리어 방향제","3","공간의 품격을 높이는 깊은 여운, 헤트라스 메가 프리미엄 대용량 디퓨저 리필 1 실내방향제 인테리어 사무실 블랙체리 실사용기","https://blog.naver.com/thrustful/224332339135","GGoooooooooooooooltip","1일 전","5","5","2269","공간의 격을 높이는 오브제 / 압도적인 가성비, 2.5L의 여유 / 사무실을 카페처럼 바꾸는 향기의 힘 / 향기를 다루는 프로의 리필 노하우","체험형, 추천형, 정보형, 비교형","사용 장면, 장단점, 소제목 반복"
"식품/건강식품","1","닥터바이 강아지 유산균 프로바이오틱스 장건강 영양제 유익균보충, 30포, 1개","brand.naver.com","닥터바이 강아지 유산균 프로바이오틱스 장건강 영양제","1","강아지 유산균 닥터바이 프로바이오틱스 급여 후기","https://blog.naver.com/idnbklll/224318079946","우아한써니","2주 전","35","34","2559","외출하거나 여행 갈 때도 필요한 만큼만 챙기기 편하고 좋았어요. ​ ​ / 닥터바이 프로바이오틱스 3.0은 한 포에 무려 600억 유산균이 담겨 있다고 해요. ​ ​ / 분말 타입이라 사료 위에 솔솔 뿌려주기만 하면 되니 바쁜 아침에도 부담이 없더라고요. ​ ​ / 처음에는 낯선 냄새 때문에 거부하지 않을까 걱정했는데 써니는 전혀 거부감 없이 잘 먹더라고요. ​ ​ / 기호성 합격! ㅋ ​ ​ / 바닥까지 싹싹 핥아 먹는 모습 ㅋㅋ ​ ​","체험형, 추천형, 정보형, 친근체","언박싱, 사용 장면, 추천 대상, 구매 유도, 소제목 반복, 사진 다량"
"식품/건강식품","1","닥터바이 강아지 유산균 프로바이오틱스 장건강 영양제 유익균보충, 30포, 1개","brand.naver.com","닥터바이 강아지 유산균 프로바이오틱스 장건강 영양제","2","닥터바이 강아지 유산균 프로바이오틱스 30포 장건강 영양제 정리","https://blog.naver.com/hellomynameisjen/224326522536","hellomynameisjen님의 블로그","6일 전","7","7","1561","옵션이랑 상세 내용은 아래 링크에서 한 번에 확인하실 수 있어요. ​","정보형, 비교형, 친근체","장단점, 구매 유도"
"식품/건강식품","1","닥터바이 강아지 유산균 프로바이오틱스 장건강 영양제 유익균보충, 30포, 1개","brand.naver.com","닥터바이 강아지 유산균 프로바이오틱스 장건강 영양제","3","강아지 유산균 추천ㅣ10살 노견 머루도 잘 먹는 닥터바이 프로바이오틱스 3.0","https://blog.naver.com/onann_i/224314865760","Onanni Home","3주 전","17","16","1913","닥터바이 프로바이오틱스 3.0 / 편안한 하루의 시작, 닥터바이 프로바이오틱스","추천형, 정보형, 친근체","언박싱, 사용 장면, 추천 대상, 사진 다량"
"식품/건강식품","2","트러스티푸드 강아지 동결건조 간식 모음 사료토퍼 밥안먹는아이 기호성","brand.naver.com","트러스티푸드 강아지 동결건조 간식 모음 사료토퍼","1","트러스티푸드 내돈내산 강아지 동결건조간식 베지터블 믹스에 눈 돌아감","https://blog.naver.com/ordinarymin/224253533262","야생곰","2026.04.15.","13","13","1452","#강아지간식 #동결건조간식 #트러스티푸드 #베지터블믹스","체험형, 추천형, 정보형, 친근체","사용 장면, 추천 대상, 사진 다량"
"식품/건강식품","2","트러스티푸드 강아지 동결건조 간식 모음 사료토퍼 밥안먹는아이 기호성","brand.naver.com","트러스티푸드 강아지 동결건조 간식 모음 사료토퍼","2","강아지 야채간식 추천 트러스티푸드 동결건조 채소믹스 50g 후기","https://blog.naver.com/jacquelyn/224310006109","작은 희망...","4주 전","4","5","1095","다양한 채소를 한 번에 / 사료 토핑으로 활용하기 편리 / 기호성에 대한 다양한 반응 / 성분을 중요하게 보는 분들에게","체험형, 추천형, 정보형, 비교형","사용 장면, 장단점, 구매 유도, 소제목 반복"
"식품/건강식품","2","트러스티푸드 강아지 동결건조 간식 모음 사료토퍼 밥안먹는아이 기호성","brand.naver.com","트러스티푸드 강아지 동결건조 간식 모음 사료토퍼","3","동결건조 방울양배추 트릿 트러스티푸드 안전한 강아지 간식","https://blog.naver.com/o3oh__j_k/224318539871","밤이랜드","2주 전","14","12","1163","​ 달달하나? 먹어보진않았는데 토핑아니라도 그 자체만으로도 잘먹는다 ​ / ​ 맛있는거 먹을땐 일단 다 티내고 먹는 편 ㅋㅋㅋㅋㅋㅋㅋㅋㅋㅋㅋㅋ ​ 너무 귀여움 ​","체험형, 추천형, 친근체","언박싱, 사용 장면, 구매 유도, 사진 다량"
"식품/건강식품","3","닥터바이 강아지 오메가3 피부 관절 심장 영양제 150캡슐, 1개","brand.naver.com","닥터바이 강아지 오메가3 피부 관절 심장 영양제","1","닥터바이 강아지 오메가3 피부 관절 심장 영양제 150캡슐, 1개","https://blog.naver.com/tttown63/224298791635","아싸 꿀템","2026.05.28.","0","0","55","(광고)""이 포스팅은 네이버 쇼핑 커넥트 활동의 일환으로 판매 발생 시 수수료를 제공받습니다.""","",""
"식품/건강식품","3","닥터바이 강아지 오메가3 피부 관절 심장 영양제 150캡슐, 1개","brand.naver.com","닥터바이 강아지 오메가3 피부 관절 심장 영양제","2","39,500원 닥터바이 강아지 오메가3 피부 관절 심장 영양제 150캡슐, 1개닥터바이, 이 제품 선택 전에 꼭 확인하세요","https://blog.naver.com/maru_230508/224326527788","진짜 핫딜","6일 전","0","1","784","","체험형, 추천형, 정보형, 친근체","결론/요약, 언박싱, 구매 유도"
"식품/건강식품","3","닥터바이 강아지 오메가3 피부 관절 심장 영양제 150캡슐, 1개","brand.naver.com","닥터바이 강아지 오메가3 피부 관절 심장 영양제","3","닥터바이 강아지 오메가3 피부 관절 심장 영양제 1500 캡슐 후기","https://blog.naver.com/qi9jmnfnpf5lx/224324508927","봉자밤","2주 전","7","9","1291","https://naver.me/5VxmdUN3 / 구매 이유와 첫인상 / 닥터바이 강아지 오메가3 피부 관절 심장 영양제 150캡슐, 1개 / ₩ 39,500 / 별점 : ⭐⭐⭐⭐⭐ / 상자를 열었을 때는 깔끔한 포장에 정성이 느껴졌어요, / 자주 쓰며 느낀 장점 / 전체적으로 보면 생활에 큰 부담 없이 챙길 수 있어 좋아요 ^^","체험형, 추천형, 정보형, 비교형","결론/요약, 언박싱, 사용 장면, 장단점, 추천 대상, 구매 유도"
"식품/건강식품","4","[바액] 나이아신아마이드(비타민B3) 15% 앰플 [30ml] 피부톤 피부윤기 모공개선 보습 진정","brand.naver.com","나이아신아마이드(비타민B3) 비타민 후기","1","바노 비타민 B3 후기, 나이 먹고 피곤하니 챙기게 되는 비타민B3 고용량 섭취방법","https://blog.naver.com/hk_sunflower/224314386860","40대 가장의 자본주의의 한끼 기록","3주 전","12","11","2705","내가 바노 비타민B3을 고르기까지 / 비노 비타민 B3의 고용량의 장점 및 섭취법 / 내용물을 보자","체험형, 추천형, 정보형, 비교형","언박싱, 사용 장면, 장단점, 추천 대상, 구매 유도, 소제목 반복"
"식품/건강식품","4","[바액] 나이아신아마이드(비타민B3) 15% 앰플 [30ml] 피부톤 피부윤기 모공개선 보습 진정","brand.naver.com","나이아신아마이드(비타민B3) 비타민 후기","2","초록비타 비타민B3, 건강 관리에 꼭 필요한 고용량 나이아신아마이드","https://blog.naver.com/phj13jms13/224268634718","케진쓰 이야기","2026.04.29.","17","17","1408","초록비타 비타민B3 500mg : 초록비타몰 / 본 포스팅이 도움이 되셨다면 하트 꾹 부탁드립니다. :) ❤️","체험형, 추천형, 정보형, 친근체","사용 장면, 추천 대상, 구매 유도, 사진 다량"
"식품/건강식품","4","[바액] 나이아신아마이드(비타민B3) 15% 앰플 [30ml] 피부톤 피부윤기 모공개선 보습 진정","brand.naver.com","나이아신아마이드(비타민B3) 비타민 후기","3","초록비타 비타민B3, 연세대 식품영양 전공자의 시선으로 성분 분석해본 후기","https://blog.naver.com/kevin6227/224287318825","hoypoy 마케팅연구소ㅣ200회 대외활동 기록","2026.05.16.","18","19","2707","","체험형, 추천형, 정보형, 친근체","결론/요약, 사용 장면, 추천 대상, 구매 유도, 사진 다량"
"식품/건강식품","5","[네이버 단독] 위즈웰 무선 커피그라인더 마치나 휴대용 전동 자동 가정용 기계 메이커","위즈웰","위즈웰 무선 커피그라인더 마치나 휴대용 전동","1","[네이버 단독] 위즈웰 무선 커피그라인더 마치나 휴대용 전동 자동 가정용 기계 메이커위즈웰 완전 정복 &mdash; 특징부터 구매 주의사항까지","https://blog.naver.com/kumama256/224331365562","쇼핑집착남","1일 전","0","1","772","","체험형, 추천형, 정보형, 친근체","결론/요약, 언박싱, 구매 유도"
"식품/건강식품","5","[네이버 단독] 위즈웰 무선 커피그라인더 마치나 휴대용 전동 자동 가정용 기계 메이커","위즈웰","위즈웰 무선 커피그라인더 마치나 휴대용 전동","2","진심 인생템 등극! 위즈웰 마치나 무선 커피그라인더 3개월 실사용 후기","https://blog.naver.com/mysteries67039/224332632250","mysteries67039님의 블로그","4시간 전","8","9","2166","배송과 첫인상 / 3개월 사용 후 느낀 장점들","체험형, 추천형, 비교형, 친근체","결론/요약, 언박싱, 사용 장면, 장단점, 추천 대상, 구매 유도"
"식품/건강식품","5","[네이버 단독] 위즈웰 무선 커피그라인더 마치나 휴대용 전동 자동 가정용 기계 메이커","위즈웰","위즈웰 무선 커피그라인더 마치나 휴대용 전동","3","위즈웰 무선 커피그라인더 29900원에 득템할까?","https://blog.naver.com/wonnn_2/224327482569","my world :)","5일 전","10","10","4960","2. 구매 전에 무엇을 확인해야 할까? ​ / [네이버 단독] 위즈웰 무선 커피그라인더 마치나 휴대용 전동 자동 가정용 기계 메이커 / 29,900원 / 정가/기존가 / 70,000원 / 구매자 의견 수 / 3. 비슷한 상품과 비교할 때 기준은 뭘까? ​ / 4. 가격·배송·옵션에서 놓치기 쉬운 점은? ​","체험형, 추천형, 정보형, 비교형","결론/요약, 언박싱, 사용 장면, 장단점, 추천 대상, 구매 유도"
"식품/건강식품","6","[종합비타민+밀크씨슬 +루테인+오메가3]GNM 올인원 뉴트리션 멀티비타민 1박스","brand.naver.com","GNM 올인원 뉴트리션 멀티비타민 비타민","1","종합비타민 유목민 종결! 뚜껑 열다 지친 나를 위한 GNM 올인원 뉴트리션 멀티비타민 추천","https://blog.naver.com/bknms2007/224329622628","비타랑","3일 전","10","10","1682","비타랑이 꼽은 올인원 뉴트리션 멀티비타민 3가지 장점","추천형, 정보형, 비교형, 친근체","언박싱, 장단점, 추천 대상, 사진 다량"
"식품/건강식품","6","[종합비타민+밀크씨슬 +루테인+오메가3]GNM 올인원 뉴트리션 멀티비타민 1박스","brand.naver.com","GNM 올인원 뉴트리션 멀티비타민 비타민","2","종합비타민 추천 GNM 올인원 뉴트리션 멀티비타민 한 판으로 관리","https://blog.naver.com/dlwjdwn1101/224329553338","교연이","3일 전","24","24","3720","하루 1판으로 챙기는 23종 멀티 성분 / 숫자로 증명된 대한민국 대표 멀티팩 / 활력 에너지 증진을 위한 GNM만의 설계 노하우 / 올인원 구성이라 더욱 간편한 종합비타민 / 네이버 단독 기획 GNM 올인원 뉴트리션 멀티비타민 / 이런 분들에게 추천","추천형, 정보형, 비교형, 친근체","언박싱, 장단점, 추천 대상, 소제목 반복, 사진 다량"
"식품/건강식품","6","[종합비타민+밀크씨슬 +루테인+오메가3]GNM 올인원 뉴트리션 멀티비타민 1박스","brand.naver.com","GNM 올인원 뉴트리션 멀티비타민 비타민","3","종합비타민 추천! GNM 올인원 뉴트리션 멀티비타민 멀티팩 하나로 간편하게 챙겨요","https://blog.naver.com/julietmeeso/224328370440","sally","5일 전","14","13","2671","종합비타민 추천 GNM 올인원 뉴트리션 멀티팩 하나로 섭취 끝","체험형, 추천형, 정보형, 친근체","추천 대상, 구매 유도, 사진 다량"
"식품/건강식품","7","더 알티지 초임계 오메가3 1000 비타민D","brand.naver.com","알티지 초임계 오메가3 비타민D 비타민","1","초임계알티지오메가3 효과 식물성 추천 이유 혈행 건강 관리하는 방법","https://blog.naver.com/3jeong/224317694910","산삼이","3주 전","9","9","3116","3. 식물성 오메가3를 추천하는 이유 / 4. 초임계알티지오메가3 효과로 자주 언급되는 부분 / 5. 혈행 건강 관리를 위해 함께 실천했던 습관 / 6. 초임계알티지오메가3 제품 고를 때 확인했던 기준","체험형, 추천형, 정보형, 비교형","결론/요약, 추천 대상, 소제목 반복, 사진 다량"
"식품/건강식품","7","더 알티지 초임계 오메가3 1000 비타민D","brand.naver.com","알티지 초임계 오메가3 비타민D 비타민","2","[오메가3 추천] 오메가3 고르는 법 & 연령대별 추천 가이드: 알티지 vs 초임계 차이와 산패 확인법 (시즌 2)","https://blog.naver.com/100vs100328/224326354291","네옹75","6일 전","8","7","3733","​ 👥 3. [연령대별 & 상황별] 맞춤형 오메가3 추천 가이드 / 추천 오메가3 형태 / 핵심 이유 및 선택 팁 / 2030 사회초년생 & 수험생 / DHA 함량이 높은 제품 / 4050 중장년층 / 고순도 저온 초임계 알티지 / 60대 이상 시니어","체험형, 추천형, 정보형, 비교형","결론/요약, 언박싱, 사용 장면, 추천 대상, 구매 유도, 소제목 반복"
"식품/건강식품","7","더 알티지 초임계 오메가3 1000 비타민D","brand.naver.com","알티지 초임계 오메가3 비타민D 비타민","3","식물성 알티지 오메가3 초임계알티지오메가3 고르는법","https://blog.naver.com/ksj2572/224319007648","무무아내","2주 전","7","7","2415","식물성오메가3에 관심 갖게 된 이유 / 초임계알티지오메가3 고를 때 본 기준 / 오메가3 고르는법 DHA와 EPA 함량도 확인해야 해요 / 식물성오메가3 직접 챙겨보며 느낀 점","체험형, 추천형, 정보형, 비교형","결론/요약, 사용 장면, 소제목 반복"
"식품/건강식품","8","[바액] 레티놀(비타민A) 0.5% 앰플 [30ml] 탄력 케어 모공케어 눈밑주름 팔자주름 안티에이징","brand.naver.com","레티놀(비타민A) 앰플 탄력 케어 모공케어 눈밑주름 비타민","1","레티놀 앰플 한 달 사용으로 탄력 달라짐","https://blog.naver.com/herebeing21/224327491985","손글씨일기","5일 전","8","9","2170","일반제품으로 판단한 이유 / 첫인상과 디자인 / 성분과 스펙 확인 / 평일 출근 루틴에서 / 주말 외출 전 사용 / 특수 상황 사용감 / 효과 비교와 변화 / 가격과 가성비 평가","추천형, 정보형, 비교형, 친근체","결론/요약, 사용 장면, 장단점, 추천 대상, 구매 유도, 소제목 반복"
"식품/건강식품","8","[바액] 레티놀(비타민A) 0.5% 앰플 [30ml] 탄력 케어 모공케어 눈밑주름 팔자주름 안티에이징","brand.naver.com","레티놀(비타민A) 앰플 탄력 케어 모공케어 눈밑주름 비타민","2","레티놀 앰플로 시작한 탄력 회복기","https://blog.naver.com/worthii39/224330060544","손글씨일기","5일 전","8","9","1881","한 달 사용을 결심한 계기 / 첫인상과 패키지 디자인 / 성분과 농도 한눈에 / 텍스처와 사용감 세밀 묘사 / 아침 저녁 사용법과 순서 / 평일 출근 전 간단 루틴 / 주말 외출 전 베이스 활용 / 운동 후 회복 케어 활용법","체험형, 추천형, 정보형, 비교형","사용 장면, 장단점, 추천 대상, 구매 유도, 소제목 반복, 사진 다량"
"식품/건강식품","8","[바액] 레티놀(비타민A) 0.5% 앰플 [30ml] 탄력 케어 모공케어 눈밑주름 팔자주름 안티에이징","brand.naver.com","레티놀(비타민A) 앰플 탄력 케어 모공케어 눈밑주름 비타민","3","여름철 늘어진 모공과 피부 탄력에는 역시 레티놀, 레티놀 안티에이징 앰플 4종 성분 비교 총정리","https://blog.naver.com/commoncouple/224323268470","행복수치상승jbbrj2","5일 전","5","1","3404","💡 레티놀이 피부에 좋은 이유 / 🧪 탄력 시너지를 위한 레티놀 및 안티에이징 앰플 4종 집중 분석 / ⚖️ 나에게 꼭 맞는 안티에이징 제품 선택 가이드","체험형, 추천형, 정보형, 비교형","사용 장면, 장단점, 구매 유도, 소제목 반복"
"식품/건강식품","9","야쿠르트 유산균 옐로우 보냉백","brand.naver.com","야쿠르트 유산균 옐로우 보냉백","1","야쿠르트 유산균 옐로우 보냉백 한 달 기록","https://blog.naver.com/lineplay63/224329046419","직장인투자일기","4일 전","12","13","1986","한 달 사용 시작하며 / 첫인상과 디자인 / 재질과 촉감 디테일 / 보냉 성능 실사용 평가 / 출근 루틴에서의 활용 / 주말 피크닉 경험 / 헬스장과 운동 중 사용 / 세부 수납과 편의성","체험형, 추천형, 정보형, 비교형","결론/요약, 사용 장면, 장단점, 추천 대상, 구매 유도, 소제목 반복"
"식품/건강식품","9","야쿠르트 유산균 옐로우 보냉백","brand.naver.com","야쿠르트 유산균 옐로우 보냉백","2","야쿠르트 유산균 옐로우 보냉백","https://blog.naver.com/vipgns/224328679087","VIP 모십니다","4일 전","0","1","423","https://naver.me/G8fIJrbp","정보형, 친근체","구매 유도"
"식품/건강식품","9","야쿠르트 유산균 옐로우 보냉백","brand.naver.com","야쿠르트 유산균 옐로우 보냉백","3","여름 야외 활동 필수품 야쿠르트 유산균 옐로우 보냉백 아이스백 쿨러백 솔직 후기","https://blog.naver.com/shineyoung98/224328795404","라샤인영","4일 전","18","18","1773","​ 여름 야외 활동 필수품 야쿠르트 유산균 옐로우 보냉백 아이스백 쿨러백 솔직 후기 ​ / (1) 여름철 야외 활동 시 신선도 유지 고민 / (2) 첫 만남에서 느낀 화사한 색감과 첫인상 / (3) 피크닉과 캠핑에서 경험한 뛰어난 보온 보냉 능력 / (4) 일상 속 다용도 활용과 최종 만족도 / ​ ​ 야쿠르트 유산균 옐로우 보냉백 아이스백 만나보기▼▼","추천형, 정보형, 비교형, 친근체","사용 장면, 장단점, 소제목 반복, 사진 다량"
"식품/건강식품","10","닥터가 비타도스C 3000mg 대용량 순수비타민C","brand.naver.com","닥터가 비타도스C 순수비타민C 비타민","1","비타민C 추천 | 닥터가 비타도스C 3000mg 솔직 후기","https://blog.naver.com/youngwhd/224329010851","youngwhd님의블로그","4일 전","6","7","2143","","체험형, 추천형, 정보형, 비교형","언박싱, 사용 장면, 장단점, 추천 대상, 구매 유도"
"식품/건강식품","10","닥터가 비타도스C 3000mg 대용량 순수비타민C","brand.naver.com","닥터가 비타도스C 순수비타민C 비타민","2","비타민C 분말스틱 고함량. 비타도스C3000 후기","https://blog.naver.com/jj_min0219/224314848279","쫑미네","3주 전","3","3","498","","추천형, 친근체","언박싱"
"식품/건강식품","10","닥터가 비타도스C 3000mg 대용량 순수비타민C","brand.naver.com","닥터가 비타도스C 순수비타민C 비타민","3","비타도스C 3000 고함량 비타민 분말 스틱 후기","https://blog.naver.com/pyj5241/224311657686","생활 밀착형 정보","3주 전","5","5","1022","비타도스C 3000 고함량 비타민 분말 스틱 후기 ​ / 네이버 할인 보러 가기 ▼▼▼▼▼","추천형, 정보형, 친근체","언박싱, 사용 장면"
"스포츠/레저/골프","1","튼튼한장우산 골프 강풍 장우산 자동 자외선차단 단체주문","smartstore.naver.com","튼튼한장우산 골프 강풍 장우산 자동 자외선차단","1","튼튼한장우산 골프 강풍에도 끄떡없고 자동 자외선차단까지 완전 만족한 후기","https://blog.naver.com/quwxjmkvxvw/224330268879","아무튼일상","2일 전","6","7","1256","튼튼한장우산에 빠진 이유 / 자동 개폐가 진짜 편해요 / 골프장 강풍에도 끄떡없더라고요 / 자외선 차단 기능도 정말 실감나요 / 아쉬운 점도 있지만 그래도 재구매 의사 100 / 튼튼한장우산으로 든든한 봄여름 준비 완료 / ​ ​ 🙌🙌🙌 튼튼한장우산 관심 있다면 한번 살펴보세요 🙌🙌🙌 ​ / #장우산 #강풍우산 #자동장우산 #자외선차단우산 #튼튼한우산 #골프우산 #양산겸용","체험형, 추천형, 친근체","사용 장면, 장단점, 추천 대상, 구매 유도, 소제목 반복"
"스포츠/레저/골프","1","튼튼한장우산 골프 강풍 장우산 자동 자외선차단 단체주문","smartstore.naver.com","튼튼한장우산 골프 강풍 장우산 자동 자외선차단","2","돌풍에도 끄떡없는 튼튼함, 30% 할인된 가격으로 만나는 자동 골프 장우산!","https://blog.naver.com/dnyytrcpr72992_av/224303505661","담채화의 아이와 함께 자라는 중","4주 전","0","3","1823","","체험형, 추천형, 비교형, 친근체","사용 장면, 구매 유도"
"스포츠/레저/골프","1","튼튼한장우산 골프 강풍 장우산 자동 자외선차단 단체주문","smartstore.naver.com","튼튼한장우산 골프 강풍 장우산 자동 자외선차단","3","[골프우산 추천] 비바람&middot;땡볕 걱정 끝! 미즈노 RB 스퀘어 대형 UV차단 자동 장우산(5LKY22100) 역대급 68% 핫딜 정보","https://blog.naver.com/dknoid/224327425199","품행제로 디테일킹","6일 전","4","5","2449","https://bitl.bz/IPZ4rG / 한정 수량 특가이므로 품절 전 빠르게 선점하시는 것을 추천합니다! ​ 💰 가격 및 기본 혜택 / 정상 소비자가 / 109,000원 / 미즈노 정품 프리미엄 라인 / 34,600원 (68% 폭탄 할인!) / 어디서도 보기 힘든 압도적 최저가 / 0원 (무료 배송)","체험형, 추천형, 비교형, 친근체","언박싱, 사용 장면, 장단점, 추천 대상, 구매 유도, 소제목 반복"
"스포츠/레저/골프","2","[흑고무코팅] 양산 암막 3단 접이식 우양산 골프 우산","smartstore.naver.com","양산 암막 접이식 우양산 골프 우산","1","양산 암막 3단 접이식 우양산 골프 우산 솔직 리뷰 모음집","https://blog.naver.com/gateaujuni1019/224327737693","케익이없어","5일 전","6","7","801","[3단계: 단계별 계획 수립 (Scratchpad)] - ​","체험형, 추천형, 친근체","구매 유도"
"스포츠/레저/골프","2","[흑고무코팅] 양산 암막 3단 접이식 우양산 골프 우산","smartstore.naver.com","양산 암막 접이식 우양산 골프 우산","2","좋은 공감 흑고무 암막 양산 / 3단 접이식 우양산 / 골프 우산","https://blog.naver.com/pierneyk/224280143564","프로젝트 G","2026.05.09.","4","4","693","출처: HFAC / 출처: HFAC / ​ ​ 무게는 220g으로 가볍게 들 수 있음 ​ ​ ​ / 출처: HFAC / 출처: HFAC","추천형, 친근체","소제목 반복"
"스포츠/레저/골프","2","[흑고무코팅] 양산 암막 3단 접이식 우양산 골프 우산","smartstore.naver.com","양산 암막 접이식 우양산 골프 우산","3","양산 암막 3단 접이식 우양산 골프 우산 가벼운 자외선차단","https://blog.naver.com/hsy0209/224265507458","옆집이모가 쓰는 스토리","2026.04.26.","17","16","1605","(1) 여름 외출이 두려웠던 이유 / (2) 양산 선택 기준과 고민 / (3) 첫 사용에서 느낀 차이 / (4) 사용하면서 달라진 점 / (5) 재구매 의사와 총평 / 자외선 차단, 가벼움, 내구성","체험형, 추천형, 비교형, 친근체","결론/요약, 사용 장면, 추천 대상, 구매 유도, 소제목 반복, 사진 다량"
"스포츠/레저/골프","3","[유투스포츠] 더블로마스크 자외선차단 골프 UV99.9 풀커버 페이스커버 얼굴햇빛가리개","brand.naver.com","더블로마스크 골프 후기","1","골프 자외선 마스크 추천, 유투스포츠 ML11 더블로 마스크로 자외선차단쿨마스크 끝판왕 찾았네요!","https://blog.naver.com/wjd949494/224320533570","여행정근호","2주 전","23","23","1428","골프 자외선 마스크 추천, 유투스포츠 ML11 더블로 마스크 / 2. 기능과 디테일 / 3. 실제 착용해 본 체감 후기 / 5. 유투스포츠 ML11 더블로 요약 및 마무리 / 유투스포츠 ML11 더블로 마스크 (29,900원) / 귀 통증 없는 착용감, 목까지 완벽 커버, 쿨링감 / 자외선 차단 (상세페이지 표기 기준 99.9%) / 골프 라운딩, 러닝, 조깅, 산책 등","체험형, 추천형, 정보형, 비교형","결론/요약, 언박싱, 사용 장면, 장단점, 추천 대상, 구매 유도"
"스포츠/레저/골프","3","[유투스포츠] 더블로마스크 자외선차단 골프 UV99.9 풀커버 페이스커버 얼굴햇빛가리개","brand.naver.com","더블로마스크 골프 후기","2","더블로마스크 골프 낚시 테니스 등산 사이클 자외선차단 UV차단 쿨링 얼굴 햇빛가리개 솔직 후기","https://blog.naver.com/noblefox8346/224328890524","noblefox8346님의 블로그","4일 전","6","7","1459","더블로마스크 골프 낚시 테니스 등산 사이클 자외선차단 UV차단 쿨링 얼굴 햇빛가리개 솔직 후기 ​ / 📦 착용감과 디자인 / 🥾 활동별 사용 감상 / 🎯 UV차단과 쿨링 효과 / 추천하는 분들 / #더블로마스크 #UV차단마스크 #쿨링마스크 #야외활동필수템 #스포츠마스크 ​","체험형, 추천형, 정보형, 친근체","사용 장면, 추천 대상, 구매 유도, 소제목 반복"
"스포츠/레저/골프","3","[유투스포츠] 더블로마스크 자외선차단 골프 UV99.9 풀커버 페이스커버 얼굴햇빛가리개","brand.naver.com","더블로마스크 골프 후기","3","더블로 마스크로 골프부터 등산까지 쾌적하게 1달 사용 후기","https://blog.naver.com/ykmtkqxjeve/224330917156","그냥살자","2일 전","6","7","1435","요즘 꼭 필요했던 아이템 / 받자마자 느낀 첫인상 / 실제로 사용해 보니 어땠나 / 이중구조 마스크의 장점과 단점 / 다른 마스크들과 비교해 보면 / 활동별 추천 활용법과 팁 / 더블로 마스크 사용 총평 / ​ ​ 👀 더 다양한 색상과 사이즈가 궁금하면 한번 살펴보세요 👀 ​","체험형, 추천형, 정보형, 비교형","사용 장면, 장단점, 추천 대상, 구매 유도, 소제목 반복"
"스포츠/레저/골프","4","[보상판매]파인캐디 UPL2000 에이밍 골프거리측정기 고투과 LCD","brand.naver.com","파인캐디 UPL2000 에이밍 골프거리측정기 고투과 LCD 골프","1","파인캐디 UPL2000 에이밍 골프거리측정기 고투과 LCD 사용법과 선택 기준 정리","https://blog.naver.com/livique/224330251321","Livique| 집꾸미기 생활에 관한 정보","2일 전","3","3","1957","","체험형, 추천형, 정보형, 친근체","언박싱, 사용 장면, 추천 대상, 구매 유도"
"스포츠/레저/골프","4","[보상판매]파인캐디 UPL2000 에이밍 골프거리측정기 고투과 LCD","brand.naver.com","파인캐디 UPL2000 에이밍 골프거리측정기 고투과 LCD 골프","2","파인캐디 UPL2000 골프거리측정기 정확한 거리 측정으로 라운드의 완성도를 높이다","https://blog.naver.com/remifa1117/224331925094","당땡이의 Ctrl Z 라이프","1일 전","6","6","2035","골프거리측정기 스마트한 기능으로 더욱 정확한 플레이 / 목표 지점 정렬 지원 / 정확한 거리 확인 / 보다 안정적인 플레이 지원 / 핀 위치를 보다 정확하게 확인하고 싶은 골퍼들에게 유용한 기능으로 소개되고 있습니다. ​ / 스마트 클럽 추천 / 거리별 클럽 선택 참고 / 보다 효율적인 플레이","체험형, 추천형, 비교형, 친근체","사용 장면, 장단점, 추천 대상, 구매 유도, 소제목 반복"
"스포츠/레저/골프","4","[보상판매]파인캐디 UPL2000 에이밍 골프거리측정기 고투과 LCD","brand.naver.com","파인캐디 UPL2000 에이밍 골프거리측정기 고투과 LCD 골프","3","[보상판매]파인캐디 UPL2000 에이밍 골프거리측정기 고투과 LCD파인뷰 본사 핵심 정보 정리 | 가격&middot;특징&middot;구매처 완벽 안내","https://blog.naver.com/maru_230508/224330186118","진짜 핫딜","2일 전","0","1","864","","체험형, 추천형, 정보형, 친근체","결론/요약, 사용 장면, 구매 유도"
"스포츠/레저/골프","5","르플렉스 자외선차단 99% 골프 스포츠 마스크","brand.naver.com","르플렉스 자외선차단 골프 스포츠 마스크","1","르플렉스 마스크 얼굴 햇빛 가리개 자외선 차단 마스크","https://blog.naver.com/ttt796/224329427369","깔끔맨 블로그","2일 전","6","6","1550","","체험형, 추천형, 정보형, 비교형","사용 장면, 추천 대상, 구매 유도"
"스포츠/레저/골프","5","르플렉스 자외선차단 99% 골프 스포츠 마스크","brand.naver.com","르플렉스 자외선차단 골프 스포츠 마스크","2","선크림도 소용없는 기미 걱정 끝 르플렉스 자외선차단 스포츠 마스크 한 달 착용 솔직 후기","https://blog.naver.com/sunsstore/224327653477","오늘의 꿀템 정보","5일 전","10","11","1248","르플렉스 자외선차단 99% 골프 스포츠 마스크 : 르플렉스 / 눈밑부터 목덜미까지 빈틈없는 햇빛 차단 / 숨이 턱끝까지 차올라도 쾌적한 호흡 / ​ 스포츠용 마스크에서 가장 중요한 원단의 무게감이 거의 느껴지지 않을 정도로 가벼워요. ​ / 조임 없이 부드럽게 밀착되는 시원함 / ​ 피부에 닿는 촉감이 아주 부드럽고 닿는 순간 시원한 냉감이 느껴져서 기분이 좋아요. ​ / ​ ​ 얼굴에 적당히 밀착되면서도 압박감이 없어서 장시간 귀에 걸고 있어도 피로감이 전혀 없어요. ​ / ​ #자외선차단마스크 #골프마스크 #러닝마스크 #자전거버프 #쿨마스크 #여름마스크 ​","체험형, 추천형, 정보형, 친근체","언박싱, 사용 장면, 구매 유도, 소제목 반복, 사진 다량"
"스포츠/레저/골프","5","르플렉스 자외선차단 99% 골프 스포츠 마스크","brand.naver.com","르플렉스 자외선차단 골프 스포츠 마스크","3","르플렉스 오리지널 자외선 차단 마스크 골프 공장 생산품 후기","https://blog.naver.com/rexl1i3/224326270729","쪼물콩님","1주 전","7","9","1335","https://naver.me/xfbkenUL / 구매 전 고민했던 부분 / 르플렉스 오리지널 자외선 차단 마스크 골프 얼굴 햇빛 가리개 러닝 페이스 스포츠 버프 / ₩ 15,000 / 별점 : ⭐⭐⭐⭐⭐ / 착용감은 물론 세탁 후에도 변형이 적은지도 고려했고, / 개봉하고 처음 봤던 모습 / 자주 쓰며 느낀 장점","체험형, 추천형, 정보형, 비교형","결론/요약, 사용 장면, 장단점, 추천 대상, 구매 유도, 소제목 반복"
"스포츠/레저/골프","6","여성 골프스타킹 밑트임 UV 자외선차단 테니스스타킹 쿨 여름 Y존","brand.naver.com","여성 골프스타킹 밑트임 UV 자외선차단 테니스스타킹 골프","1","자외선차단 골프스타킹 무조건 이거! 베일리화이트 15D 밑트임 추천","https://blog.naver.com/maryjane1440/224262649614","멜희","2026.04.23.","26","25","1563","","체험형, 추천형, 비교형, 친근체","사용 장면, 장단점, 추천 대상, 사진 다량"
"스포츠/레저/골프","6","여성 골프스타킹 밑트임 UV 자외선차단 테니스스타킹 쿨 여름 Y존","brand.naver.com","여성 골프스타킹 밑트임 UV 자외선차단 테니스스타킹 골프","2","여성 골프스타킹 쿨 여름 Y존 자외선차단 테니스스타킹 솔직 후기","https://blog.naver.com/picl64128/224325277649","picl64128님의블로그","1주 전","3","4","1898","배송과 디자인 / 3개월 사용 후 느낀 장점들","체험형, 추천형, 비교형, 친근체","언박싱, 사용 장면, 장단점, 추천 대상, 구매 유도"
"스포츠/레저/골프","6","여성 골프스타킹 밑트임 UV 자외선차단 테니스스타킹 쿨 여름 Y존","brand.naver.com","여성 골프스타킹 밑트임 UV 자외선차단 테니스스타킹 골프","3","베일리화이트 골프 테니스스타킹, 여름 자외선 완벽 차단 밑트임 후기","https://blog.naver.com/secret_own/224294309869","조금 느린 살림일기","2026.05.24.","4","4","2788","","체험형, 추천형, 비교형, 친근체","언박싱, 사용 장면, 장단점, 추천 대상, 구매 유도"
"스포츠/레저/골프","7","르플렉스 골프 쿨 팔토시 등산 무봉제 여름 자외선 차단","brand.naver.com","르플렉스 골프 팔토시 등산 무봉제 여름","1","르플렉스 골프 팔토시 쿨링감과 자외선 차단 효과 4가지 특징","https://blog.naver.com/hongge5541/224331068753","내가 갖고 싶은 것만 포스팅하는 블로그","2일 전","6","6","1126","입을수록 시원한 냉감 / 부드러운 소재감 / 편안한 착용감과 핏 / 확실한 자외선 차단","체험형, 추천형, 비교형, 친근체","사용 장면, 장단점, 구매 유도, 소제목 반복"
"스포츠/레저/골프","7","르플렉스 골프 쿨 팔토시 등산 무봉제 여름 자외선 차단","brand.naver.com","르플렉스 골프 팔토시 등산 무봉제 여름","2","자외선 걱정 끝내는 르플렉스 골프 쿨 팔토시 내돈내산 착용 후기","https://blog.naver.com/sunsstore/224327816813","오늘의 꿀템 정보","5일 전","7","8","1091","르플렉스 골프 쿨 팔토시 등산 무봉제 여름 자외선 차단 : 르플렉스 / 들뜸 없이 손목까지 탄탄하게 잡아주는 3D 입체 핏 / ​ ​ 사방으로 늘어나는 스판 소재라 조이는 느낌 없이 종일 편안해요. ​ / 움직일수록 더 시원해지는 강력한 냉감 효과 / ​ ​ 땀을 빠르게 흡수하고 말려주니까 끈적임 없이 뽀송함이 유지돼요. ​ / 잦은 세탁에도 보풀 없이 짱짱한 고품질 원단 / ​ ​ 세탁기 돌린 후에도 자외선 차단 기능이 그대로 유지되어 든든해요. ​ / ​ #골프팔토시 #등산토시 #여름팔토시 #자외선차단토시 ​","체험형, 추천형, 친근체","사용 장면, 구매 유도, 소제목 반복, 사진 다량"
"스포츠/레저/골프","7","르플렉스 골프 쿨 팔토시 등산 무봉제 여름 자외선 차단","brand.naver.com","르플렉스 골프 팔토시 등산 무봉제 여름","3","르플렉스 골프 쿨 팔토시, 자외선 차단 끝판왕? 가성비 대란템 솔직 후기","https://blog.naver.com/dldydgy456/224319210255","여행의 설렘과 음식의 즐거움을 담아내다","2주 전","7","8","1853","착용한 듯 안 한 듯, 무봉제의 편안함 / ​ 르플렉스 골프 쿨 팔토시 등산 무봉제 여름 자외선 차단 주요 사양 / 르플렉스 자외선차단 팔토시 / 주식회사 에스피엠에스 / 나일론, 스판덱스 / 중국산(spms) / 에어컨 켠 듯 시원한 쿨링 효과와 빠른 배송 / 취향대로 고르는 컬러와 실용적인 관리","체험형, 추천형, 정보형, 친근체","언박싱, 사용 장면, 장단점, 추천 대상, 구매 유도, 소제목 반복"
"스포츠/레저/골프","8","유투스포츠 롱넥마스크 자외선차단 골프 UV99.9 페이스커버 쿨링 얼굴햇빛가리개","brand.naver.com","유투스포츠 롱넥마스크 자외선차단 골프 UV99.9 페이스커버","1","유투스포츠 롱넥마스크 쿨링 원단 야외활동 꿀팁","https://blog.naver.com/yxsfn_24tizh/224312009868","Shin 핫템","3주 전","6","7","2897","자외선 차단, 제대로 알고 사용해야 해요 / 내게 맞는 모델과 컬러 선택 가이드 / 기준을 먼저 보면 쉬워요 / 장점과 확인점 / 상황에 맞게 판단하기 좋아요 / 실제 착용감, 쾌적함의 비밀 / 이런 점들이 좋았어요","체험형, 추천형, 비교형, 친근체","결론/요약, 사용 장면, 장단점, 추천 대상, 구매 유도, 소제목 반복"
"스포츠/레저/골프","8","유투스포츠 롱넥마스크 자외선차단 골프 UV99.9 페이스커버 쿨링 얼굴햇빛가리개","brand.naver.com","유투스포츠 롱넥마스크 자외선차단 골프 UV99.9 페이스커버","2","자외선차단마스크 추천 목까지 커버되는 유투스포츠 ML2 실사용후기","https://blog.naver.com/yooja0207/224263688814","재테크마을 - N잡,부업,보험,창업,투잡,영업,온라인영업,부수입","2026.04.21.","20","20","1770","자외선차단마스크 추천 목까지 커버되는 ML2 실사용후기 / 제가 선택한 컬러와 사이즈 / 자외선차단마스크 찾는 이유 / 얼굴 + 목까지 한 번에 커버 / UV 99.9% 차단 원단 적용 / 답답하지 않은 착용감 / 디테일도 만족","체험형, 추천형, 친근체","사용 장면, 추천 대상, 소제목 반복, 사진 다량"
"스포츠/레저/골프","8","유투스포츠 롱넥마스크 자외선차단 골프 UV99.9 페이스커버 쿨링 얼굴햇빛가리개","brand.naver.com","유투스포츠 롱넥마스크 자외선차단 골프 UV99.9 페이스커버","3","유투스포츠 롱넥마스크 자외선차단 골프 쿨링 페이스커버 UV99.9 얼굴 목 햇빛가리개 남녀공용","https://blog.naver.com/fxsomehow/224299732340","찐유","2026.04.24.","7","8","2116","","체험형, 추천형, 비교형, 친근체","사용 장면, 장단점, 추천 대상, 구매 유도, 사진 다량"
"스포츠/레저/골프","9","[3더즌] 볼빅 빅3 VIK3 프리미엄 골프공 (3피스)","smartstore.naver.com","볼빅 골프 후기","1","볼빅 콘도르 S4 골프공 필드 사용 후기","https://blog.naver.com/luckyguysmf/224255731795","골프치는 럭키가이","2026.04.22.","17","17","1735","퍼팅부터 드라이버까지 직접 써본 우레탄 골프공의 밸런스는 확실하다","체험형, 추천형, 정보형, 비교형","결론/요약, 사용 장면, 장단점, 추천 대상, 사진 다량"
"스포츠/레저/골프","9","[3더즌] 볼빅 빅3 VIK3 프리미엄 골프공 (3피스)","smartstore.naver.com","볼빅 골프 후기","2","노티드x볼빅 러블리 슈가베어 골프공 세트 후기","https://blog.naver.com/ssiyou_ung/224320542642","SSIYOU again","2주 전","8","8","1222","​ ​ 저는 골프를 시작한 지 1년 조금 넘은 골린이인데요! ​ / 노티드x볼빅 러블리 슈가베어 골프공 4P + 볼마커 SET","추천형, 비교형, 친근체","사용 장면, 장단점, 추천 대상, 구매 유도, 사진 다량"
"스포츠/레저/골프","9","[3더즌] 볼빅 빅3 VIK3 프리미엄 골프공 (3피스)","smartstore.naver.com","볼빅 골프 후기","3","볼빅 골프공 콘도르 싸게 사기 / 볼빅공장 후기","https://blog.naver.com/tisumin/224309502196","비비안나의 즐거운 일상","4주 전","10","10","354","안녕하세요 골린이 비비안나에요. ​ 충청권 라운딩 갈때마다 볼빅볼 사러 가는곳 ​ / 충청북도 음성군 대소읍 대금로 626 Tel.043)877-1916 / ​ 사실 콘도르 4피스 사러 갔지요. ​ ​ / 예전엔 토요일 와도 문이 닫혀있어서 헛수고한적도 있었지요. 3월부터는 토욜도 하네요 ​ ​ ​ / 어차피 콘도르 구입이 목적이였으니 12구에 28천원 많이 싸서 구매 여러개 겟 ㅎㅎ","체험형, 추천형, 친근체","구매 유도, 소제목 반복, 사진 다량"
"스포츠/레저/골프","10","러닝라이프 마이크로메쉬 러닝긴팔티 기능성티셔츠 롱슬리브","brand.naver.com","러닝라이프 마이크로메쉬 러닝긴팔티 기능성티셔츠 롱슬리브 러닝 티셔츠","1","추천합니다. 러닝라이프 마이크로메쉬 기능성티셔츠 쿨티 러닝티셔츠 롱슬리브","https://blog.naver.com/hana16555/224076882894","지아어멈","2025.11.15.","5","6","1049","","체험형, 추천형, 정보형, 비교형","사용 장면, 장단점, 구매 유도"
"스포츠/레저/골프","10","러닝라이프 마이크로메쉬 러닝긴팔티 기능성티셔츠 롱슬리브","brand.naver.com","러닝라이프 마이크로메쉬 러닝긴팔티 기능성티셔츠 롱슬리브 러닝 티셔츠","2","뛰어난 통기성 러닝라이프 마이크로메쉬 기능성티셔츠 쿨티 러닝티셔츠 롱슬리브","https://blog.naver.com/nilliria01/224119615848","Luv스러운 만두","2025.12.23.","6","7","1051","","체험형, 추천형, 비교형, 친근체","사용 장면, 장단점, 구매 유도"
"스포츠/레저/골프","10","러닝라이프 마이크로메쉬 러닝긴팔티 기능성티셔츠 롱슬리브","brand.naver.com","러닝라이프 마이크로메쉬 러닝긴팔티 기능성티셔츠 롱슬리브 러닝 티셔츠","3","다양한 컬러와 스타일 러닝라이프 마이크로메쉬 기능성티셔츠 쿨티 러닝티셔츠 롱슬리브","https://blog.naver.com/hyerim1378/224083082666","소여사의 소소한행복 일상","2025.11.21.","8","9","1065","","추천형, 정보형, 비교형, 친근체","사용 장면, 장단점, 사진 다량"
"패션/잡화/의류","1","삼성 비스포크AI에어드레서 대용량 DF24CB9900DR 상의5~9벌 공간제습기 의류청정기","삼성공식파트너 우주","삼성공식파트너 우주 비스포크AI에어드레서 DF24CB9900DR 상의5~9벌 제습기","1","삼성 비스포크 AI 에어드레서 DF24CB9900DR 장단점 정리 (+솔직 개인 후기)","https://blog.naver.com/terrydayblog/224325934540","테리정보 Terryinfo","1주 전","2","2","4351","삼성 비스포크 AI 에어드레서 DF24CB9900DR 장단점 정리 (+솔직 개인 후기) ​ / 삼성 비스포크 AI 에어드레서 DF24CB9900DR / 매일 아침 출근길이 스트레스였던 우리 집의 고민 / 타사 제품 다 비교해 보고 결국 &#x27;이것&#x27;을 선택한 이유 / 삼성 비스포크 AI 에어드레서 DF24CB9900DR / 대용량 스펙과 생각지도 못한 신의 한 수 기능 / 삼겹살 냄새부터 칼주름까지, 리얼 사용 변화 / 삼성 감사 페스티벌 역대급 타이밍, 망설이면 손해인 이유","체험형, 추천형, 정보형, 비교형","사용 장면, 장단점, 구매 유도, 소제목 반복"
"패션/잡화/의류","1","삼성 비스포크AI에어드레서 대용량 DF24CB9900DR 상의5~9벌 공간제습기 의류청정기","삼성공식파트너 우주","삼성공식파트너 우주 비스포크AI에어드레서 DF24CB9900DR 상의5~9벌 제습기","2","삼성 비스포크 에어드레서 3~5벌&middot;5~9벌 비교, 큰 모델이 항상 답은 아닙니다","https://blog.naver.com/techroutine/224325634334","테리정보 Terryinfo","1주 전","7","7","1725","삼성 비스포크 에어드레서 3~5벌·5~9벌 비교, 큰 모델이 항상 답은 아닙니다 / 두 모델의 차이는 용량보다 쓰는 방식입니다 / DF18CB8600DR / DF24CB9900DR / 상의 3~5벌·하의 1벌 / 상의 5~9벌·하의 5벌 / 외출복을 매일 조금씩 관리 / 가족 외출복을 모아 관리","추천형, 정보형, 비교형, 친근체","결론/요약, 사용 장면, 장단점, 추천 대상, 소제목 반복"
"패션/잡화/의류","1","삼성 비스포크AI에어드레서 대용량 DF24CB9900DR 상의5~9벌 공간제습기 의류청정기","삼성공식파트너 우주","삼성공식파트너 우주 비스포크AI에어드레서 DF24CB9900DR 상의5~9벌 제습기","3","삼성 에어드레서 DF24CB9900DR, 드레스룸 필수 가전일까?","https://blog.naver.com/love_jjoono/224319020673","워드프레스 연구화","2주 전","10","10","1682","넉넉한 대용량이 가장 먼저 눈에 들어와요 / 듀얼 에어워시와 제트스팀이 적용됐어요 / 공간제습 기능까지 활용할 수 있어요 / AI 기능으로 사용이 편해졌어요 / 인테리어까지 고려한 비스포크 디자인","체험형, 추천형, 정보형, 비교형","사용 장면, 장단점, 추천 대상, 소제목 반복, 사진 다량"
"패션/잡화/의류","2","나이키 기능성 스우시 드라이핏 레전드 반팔 티셔츠","smartstore.naver.com","나이키 기능성 스우시 드라이핏 레전드 반팔 티셔츠","1","나이키 반팔티 드라이핏 기능성 반팔 스우시 러닝 프로 레전드 티셔츠","https://blog.naver.com/itempick8/224331761411","아이템픽","1일 전","4","5","2616","상품 자세히 보기 https://naver.me/52a4Dtiu / 나이키 기능성 스우시 드라이핏은 조건을 먼저 보고 고르는 게 좋아요. ​","체험형, 추천형, 정보형, 비교형","결론/요약, 언박싱, 사용 장면, 장단점, 추천 대상, 구매 유도"
"패션/잡화/의류","2","나이키 기능성 스우시 드라이핏 레전드 반팔 티셔츠","smartstore.naver.com","나이키 기능성 스우시 드라이핏 레전드 반팔 티셔츠","2","나이키 기능성 긴팔 스우시 레전드 티셔츠 블랙, 남성 드라이핏으로 쾌적하게","https://blog.naver.com/heightkl/224253186274","heightkl님의 블로그","2026.04.15.","4","4","1068","1위 나이키 기능성 긴팔 스우시 레전드 티셔츠 블랙 / 나이키 기능성 긴팔 스우시 레전드 티셔츠 블랙 긴팔 레전드 확인하기 / 2위 나이키 드라이핏 기능성 순면 반팔티셔츠 / 나이키 드라이핏 기능성 순면 반팔티셔츠 드라이핏 반팔 바로가기 / 3위 나이키 파크 스우시 드라이 핏 반팔티 / 나이키 파크 스우시 드라이 핏 반팔티 파크 스우시 자세히 보기","체험형, 추천형, 정보형, 비교형","결론/요약, 사용 장면, 추천 대상, 구매 유도, 소제목 반복"
"패션/잡화/의류","2","나이키 기능성 스우시 드라이핏 레전드 반팔 티셔츠","smartstore.naver.com","나이키 기능성 스우시 드라이핏 레전드 반팔 티셔츠","3","2026 나이키 반팔티 드라이핏 기능성 반팔 스우시 러닝 프로 레전드 티셔츠 추천 후기","https://blog.naver.com/sunsetletter/224289342014","sunsetletter l글과일상","2026.05.18.","4","4","2051","","체험형, 추천형, 정보형, 비교형","결론/요약, 사용 장면, 장단점, 추천 대상, 구매 유도"
"패션/잡화/의류","3","1+1 오로꼬 여름 퓨어쇼츠 5인치 나일론 반바지 밴딩 숏 팬츠","smartstore.naver.com","오로꼬 여름 퓨어쇼츠 나일론 반바지 밴딩 바지","1","오로꼬 5인치 퓨어쇼츠 직접 써보니 여름 반바지로 이만한 게 없네","https://blog.naver.com/super_522/224332595298","100프로 무료주식","5시간 전","4","5","1975","배송과 첫인상 / 3개월 사용 후 느낀 장점들","체험형, 추천형, 비교형, 친근체","언박싱, 사용 장면, 장단점, 추천 대상, 구매 유도"
"패션/잡화/의류","3","1+1 오로꼬 여름 퓨어쇼츠 5인치 나일론 반바지 밴딩 숏 팬츠","smartstore.naver.com","오로꼬 여름 퓨어쇼츠 나일론 반바지 밴딩 바지","2","오로꼬 여름 퓨어쇼츠 한 달 사용기 간단평","https://blog.naver.com/hurryai29/224331276561","보디프로필일기","1일 전","15","16","2351","여름 반바지에 꽂힌 이유 / 첫인상과 디자인 / 착용감과 활동성 / 데이트와 외출 스타일링 / 출근길과 평일 활용 / 세탁과 관리 팁 / 통풍과 기후 적응력 / 이전 제품과의 비교","체험형, 추천형, 정보형, 비교형","결론/요약, 사용 장면, 장단점, 추천 대상, 구매 유도, 소제목 반복"
"패션/잡화/의류","3","1+1 오로꼬 여름 퓨어쇼츠 5인치 나일론 반바지 밴딩 숏 팬츠","smartstore.naver.com","오로꼬 여름 퓨어쇼츠 나일론 반바지 밴딩 바지","3","1+1 오로꼬 5인치 퓨어쇼츠 여름 반바지 직접 써보니","https://blog.naver.com/netherlnder35611/224331349975","netherlnder35611님의 블로그","1일 전","4","5","826","배송과 첫인상","체험형, 추천형, 친근체","언박싱, 사용 장면, 추천 대상, 구매 유도"
"패션/잡화/의류","4","[해원 PICK]실크핏 모던 반팔 긴바지 파자마 세트 커플잠옷 여름 홈웨어","brand.naver.com","실크핏 모던 반팔 긴바지 파자마 커플잠옷 바지","1","실크핏 모던 반팔 긴바지 파자마 여름 홈웨어 후기","https://blog.naver.com/effectully29041/224331369499","effectully29041님의 블로그","1일 전","4","5","1020","배송과 첫인상","체험형, 추천형, 친근체","언박싱, 사용 장면, 추천 대상, 구매 유도"
"패션/잡화/의류","4","[해원 PICK]실크핏 모던 반팔 긴바지 파자마 세트 커플잠옷 여름 홈웨어","brand.naver.com","실크핏 모던 반팔 긴바지 파자마 커플잠옷 바지","2","실크핏 모던 반팔 긴바지 파자마 세트 직접 써본 후기","https://blog.naver.com/pennnt86549/224332616021","pennnt86549님의 블로그","5시간 전","3","4","1362","3개월 사용 후 느낀 장점들","체험형, 추천형, 비교형, 친근체","사용 장면, 장단점, 구매 유도"
"패션/잡화/의류","4","[해원 PICK]실크핏 모던 반팔 긴바지 파자마 세트 커플잠옷 여름 홈웨어","brand.naver.com","실크핏 모던 반팔 긴바지 파자마 커플잠옷 바지","3","실크핏 모던 반팔 긴바지 파자마 세트 직접 써본 솔직 사용기","https://blog.naver.com/infltble42363/224331273570","infltble42363님의 블로그","1일 전","4","5","1567","배송과 첫인상 / 3개월 사용 후 느낀 장점들","체험형, 추천형, 비교형, 친근체","언박싱, 사용 장면, 장단점, 추천 대상, 구매 유도"
"패션/잡화/의류","5","쿨 에어 드라이 냉감 기능성 통기성 티셔츠 3팩 2팩","brand.naver.com","에어 드라이 냉감 기능성 통기성 티셔츠","1","여름에 필수인 쿨 에어 드라이 기능성 티셔츠 3팩 사용 후기","https://blog.naver.com/gosaidsau2/224330178494","gosaidsau2님의블로그","2일 전","3","4","822","쾌적한 여름을 위해 / 착용감과 통기성 / 착用了 개인적인 소감 / 여름 필수 아이템으로 추천 / #기능성의류 #쿨티셔츠 #일상복 #쾌적한착용감","체험형, 추천형, 친근체","사용 장면, 장단점, 추천 대상, 구매 유도, 소제목 반복"
"패션/잡화/의류","5","쿨 에어 드라이 냉감 기능성 통기성 티셔츠 3팩 2팩","brand.naver.com","에어 드라이 냉감 기능성 통기성 티셔츠","2","대박 쿨 에어 드라이 냉감 티셔츠 입어보니","https://blog.naver.com/finegrab72/224327877896","전원생활일기","5일 전","10","11","1608","간단한 소개와 구매 계기 / 첫인상과 디자인 / 소재와 스펙 한눈에 / 착용감과 냉감 체감 / 통기성 실사용 테스트 / 세탁 후 관리와 내구성 / 세 가지 사용 상황 보고 / 이전 제품과의 현실 비교","체험형, 추천형, 정보형, 비교형","사용 장면, 장단점, 추천 대상, 구매 유도, 소제목 반복, 사진 다량"
"패션/잡화/의류","5","쿨 에어 드라이 냉감 기능성 통기성 티셔츠 3팩 2팩","brand.naver.com","에어 드라이 냉감 기능성 통기성 티셔츠","3","기능성 통기성 티셔츠로 여름 준비","https://blog.naver.com/oldcbw0201/224022341592","초코연금술사","2025.09.26.","3","2","982","출처:네이버커넥트이미지","추천형, 비교형, 친근체","사용 장면, 장단점"
"패션/잡화/의류","6","아이러브티셔츠 제작 단체 여행 소량 프린팅","smartstore.naver.com","아이러브티셔츠 제작 단체 여행 소량 프린팅 티셔츠","1","아이러브티셔츠 단체여행 소량 프린팅 가격 체감 사용기","https://blog.naver.com/chgrin94789/224329994749","chgrin94789님의 블로그","3일 전","5","6","754","N개월 사용 후 느낀 장점들","체험형, 추천형, 비교형, 친근체","사용 장면, 장단점, 추천 대상, 구매 유도"
"패션/잡화/의류","6","아이러브티셔츠 제작 단체 여행 소량 프린팅","smartstore.naver.com","아이러브티셔츠 제작 단체 여행 소량 프린팅 티셔츠","2","아이러브티셔츠 단체 여행 소량 프린팅 직접 써본 후기","https://blog.naver.com/irreversible83176/224330999572","irreversible83176님의 블로그","2일 전","6","7","1767","배송과 첫인상 / 3개월 사용 후 느낀 장점들","체험형, 추천형, 비교형, 친근체","언박싱, 사용 장면, 장단점, 추천 대상, 구매 유도"
"패션/잡화/의류","6","아이러브티셔츠 제작 단체 여행 소량 프린팅","smartstore.naver.com","아이러브티셔츠 제작 단체 여행 소량 프린팅 티셔츠","3","아이러브티셔츠 단체 여행 소량 프린팅 솔직 후기","https://blog.naver.com/culete61590/224331230666","culete61590님의 블로그","1일 전","5","6","1957","배송과 첫인상 / 3개월 사용 후 느낀 장점들","추천형, 비교형, 친근체","언박싱, 사용 장면, 장단점, 추천 대상, 구매 유도"
"패션/잡화/의류","7","[클라비스][[3pcs 개별구매] 쿨셋업 뷔스티에/티셔츠/나일론 팬츠 SET","brand.naver.com","쿨셋업 뷔스티에 티셔츠 나일론 팬츠 SET","1","에잇세컨즈(8SECONDS) 25 FW 입어보기 | 158cm 키작녀 후기 | 광고아님 | 가을코디 추천","https://blog.naver.com/whs6222/224030031282","좋아하는 것을 계속 좋아하세요","2025.10.02.","100","354","11286","키 157~158cm / 체중 47kg / 상체보다 하체에 살집 있는 편 / ​ 📮 에잇세컨즈(8seconds) 입어보기 💌 ​ / ​ ​ ​ 1️⃣ / ✔️ 티셔츠 비침 정도 / ​ 하의는 버클과 단추, 이중잠금 ! ​ / ✔️ 핏, 기장 / ✔️ 뒷모습 / 기장감","추천형, 정보형, 친근체","사용 장면, 추천 대상, 소제목 반복, 사진 다량"
"패션/잡화/의류","7","[클라비스][[3pcs 개별구매] 쿨셋업 뷔스티에/티셔츠/나일론 팬츠 SET","brand.naver.com","쿨셋업 뷔스티에 티셔츠 나일론 팬츠 SET","2","flea market","https://blog.naver.com/yoovely1124/224284482093","YOUVE","2026.05.13.","69","175","6746","​ ​ 13. 골지 이너 나시 올리브 촬영제품 10000 / ​ 18. 에잇세컨즈 미디 스커트 블랙 s 49900->20000 ​ / ​ ​ 27. 트루 폴딩 와이드팬츠 (아이보리) 1회 착용 거의새상품 29000->15000 ​ / ​ https://applink.a-bly.com/fso027 / ​ ​ ​ 31. 세인 스트라이프 셔츠 촬영제품 핑크 소라 54000->35000 ​ / ​ ​ ​ ​ ​ ​ / ​ ​ ​ 55. 리본 스트링 블라우스 (올리브) 촬영제품 49000->20000 ​ / ​ ​ ​ ​ 72 . 베이지무드 스트라이프 탑 3만원대 -> 10000 ​","체험형, 정보형, 친근체","언박싱, 사용 장면, 구매 유도, 소제목 반복, 사진 다량"
"패션/잡화/의류","7","[클라비스][[3pcs 개별구매] 쿨셋업 뷔스티에/티셔츠/나일론 팬츠 SET","brand.naver.com","쿨셋업 뷔스티에 티셔츠 나일론 팬츠 SET","3","지오다노 쿨데님 및 여성 나일론 셔츠 자켓(여름 셋업용) 2종","https://blog.naver.com/jee_eee/223862480419","기로그","2025.05.12.","21","21","5545","여름 셋업 등 신상 가득 지오다노 / GIORDANO / 여름 청바지 &#x27;쿨데님&#x27; 05415549 / 05415549 / 여자 반팔 셔츠 자켓 05375518 / 05375518 / 스트링으로 코디 재미 UP / 나일론 여성 셔츠 자켓 05375517","체험형, 추천형, 친근체","결론/요약, 사용 장면, 추천 대상, 소제목 반복, 사진 다량"
"패션/잡화/의류","8","베이직하우스 면 30수 뉴스탠다드 레귤러핏 무지 라운드 반팔 티셔츠 3팩","brand.naver.com","베이직하우스 뉴스탠다드 레귤러핏 무지 라운드 반팔 티셔츠","1","베이직하우스 면 소재의 편안한 레귤러핏 반팔 티셔츠","https://blog.naver.com/wareiil75/224328471152","물감탐색자","4일 전","3","5","1326","출처-브랜드 커넥트 상품이미지","추천형, 정보형, 비교형, 친근체","사용 장면, 장단점, 추천 대상, 구매 유도"
"패션/잡화/의류","8","베이직하우스 면 30수 뉴스탠다드 레귤러핏 무지 라운드 반팔 티셔츠 3팩","brand.naver.com","베이직하우스 뉴스탠다드 레귤러핏 무지 라운드 반팔 티셔츠","2","베이직하우스 면 소재의 편안한 레귤러핏 반팔 티셔츠","https://blog.naver.com/wfmttqgq68/224328438217","우산창고지기","5일 전","4","6","1376","리룩으로 활용할 수 있으며, 청바지나 반바지와 매치해도 좋습니다. ​ / 출처-브랜드 커넥트 / ​ 다양한 연령대의 남성들에게 잘 어울리며, 일상에서 자주 활용할 수 있는 티셔츠로 추천합니다. ​","체험형, 추천형, 비교형, 친근체","사용 장면, 장단점, 추천 대상, 구매 유도, 소제목 반복"
"패션/잡화/의류","8","베이직하우스 면 30수 뉴스탠다드 레귤러핏 무지 라운드 반팔 티셔츠 3팩","brand.naver.com","베이직하우스 뉴스탠다드 레귤러핏 무지 라운드 반팔 티셔츠","3","베이직하우스 면 30수 뉴스탠다드레귤러핏 무지 라운드 반팔 티셔츠3팩 후기와 추천 이야기","https://blog.naver.com/sihooni86/224296613910","제리의 멋진세상","2026.05.26.","7","7","1390","“ 이 포스팅은 네이버 쇼핑 커넥트 활동의 일환으로, 판매 발생 시 수수료를 제공받습니다. ” ​ ​ / 내추럴한 핏감과 편안한 착용감이 좋아요 / 심플하지만 다양한 스타일에 잘 어울려요 / 3팩 구성이라 가성비까지 챙길 수 있어요 / 내구성도 생각보다 탄탄해서 오래 입을 수 있어요 / 일상 속 작은 행복, 베이직한 티셔츠가 주는 편안함 / ✔ 가성비 좋은 3팩 구성 / ✔ 편안한 레귤러핏","추천형, 친근체","사용 장면, 추천 대상, 구매 유도, 소제목 반복"
"패션/잡화/의류","9","비스트모드 럭비져지 헬스 짐웨어 오버핏 티셔츠 메쉬 반팔티 BSMD","brand.naver.com","비스트모드 럭비져지 헬스 짐웨어 오버핏 티셔츠","1","비스트모드 럭비져지 헬스 짐웨어 오버핏 티셔츠 BSMD 솔직 사용 후기","https://blog.naver.com/hppening52880/224332436412","헤프닝","12시간 전","4","5","1380","3개월 사용 후 느낀 장점들","체험형, 추천형, 비교형, 친근체","사용 장면, 장단점, 추천 대상, 구매 유도"
"패션/잡화/의류","9","비스트모드 럭비져지 헬스 짐웨어 오버핏 티셔츠 메쉬 반팔티 BSMD","brand.naver.com","비스트모드 럭비져지 헬스 짐웨어 오버핏 티셔츠","2","비스트모드 럭비져지 헬스짐웨어 BSMD 직접 써본 솔직 사용기","https://blog.naver.com/smoyed86441/224332453770","smoyed86441님의 블로그","11시간 전","3","4","1461","배송과 첫인상","체험형, 추천형, 친근체","언박싱, 사용 장면, 추천 대상, 구매 유도"
"패션/잡화/의류","9","비스트모드 럭비져지 헬스 짐웨어 오버핏 티셔츠 메쉬 반팔티 BSMD","brand.naver.com","비스트모드 럭비져지 헬스 짐웨어 오버핏 티셔츠","3","비스트모드 럭비져지 티셔츠 직접 써본 솔직 후기","https://blog.naver.com/hear_bell88161/224331844769","hear_bell88161님의 블로그","1일 전","4","5","666","배송과 첫인상","체험형, 추천형, 친근체","언박싱, 사용 장면, 장단점"
"패션/잡화/의류","10","나이키 기능성 운동 반팔티 드라이핏 스우시 시원한 냉감 반팔티셔츠","smartstore.naver.com","나이키 기능성 운동 반팔티 드라이핏 스우시 티셔츠","1","나이키 반팔티 로고 반팔 디자인 드라이핏 여름 운동복 기능성 웨어 리뷰","https://blog.naver.com/coolps8/224317939328","마성훈","3주 전","26","25","3288","NIKE BRAND / DAILY LOOK INFO / 하이버스 드라이 핏 UV 버서타일 티셔츠 / NIKE DRY-FIT","체험형, 추천형, 정보형, 비교형","사용 장면, 장단점, 구매 유도, 소제목 반복, 사진 다량"
"패션/잡화/의류","10","나이키 기능성 운동 반팔티 드라이핏 스우시 시원한 냉감 반팔티셔츠","smartstore.naver.com","나이키 기능성 운동 반팔티 드라이핏 스우시 티셔츠","2","나이키 반팔티 드라이핏 기능성 반팔 스우시 러닝 프로 레전드 티셔츠","https://blog.naver.com/itempick8/224331761411","아이템픽","1일 전","4","5","2616","상품 자세히 보기 https://naver.me/52a4Dtiu / 나이키 기능성 스우시 드라이핏은 조건을 먼저 보고 고르는 게 좋아요. ​","체험형, 추천형, 정보형, 비교형","결론/요약, 언박싱, 사용 장면, 장단점, 추천 대상, 구매 유도"
"패션/잡화/의류","10","나이키 기능성 운동 반팔티 드라이핏 스우시 시원한 냉감 반팔티셔츠","smartstore.naver.com","나이키 기능성 운동 반팔티 드라이핏 스우시 티셔츠","3","나이키 드라이핏 스우시 냉감 반팔티 하루 종일 시원해서 러닝할 때 최고였어요","https://blog.naver.com/petrol5z/224330146860","petrol5z님의 블로그","2일 전","7","8","1252","운동할 때 꼭 필요한 티셔츠 / 처음 받았을 때 느낌 / 러닝하면서 느낀 냉감 효과 / 일상복으로도 활용하기 좋아요 / 땀 냄새 걱정도 줄었어요 / 조금 아쉬웠던 점도 있어요 / 냉감 기능 완전 만족한 반팔티 / ​ ​ 🛒🛒🛒 이 제품 쓰는 분들 많더라고요 한번 보시고 결정하세요 🛒🛒🛒 ​","추천형, 친근체","사용 장면, 장단점, 추천 대상, 구매 유도, 소제목 반복, 사진 다량"
"육아/반려/가족","1","페노비스 강아지 고양이 바르는 임상균주 치약 오랄벳","brand.naver.com","페노비스 강아지 고양이 바르는 임상균주 치약","1","강아지 고양이 치석 페노비스 오랄벳 치약 칫솔로 양치를","https://blog.naver.com/cheesenabee/224280680521","치즈나비","2026.05.10.","21","19","1532","고양이 치석 페노비스 오랄벳 치약 칫솔 / ​ 이미 수년째 사용하고 있는 제품인 페노비스 오랄벳 치약과 칫솔 브러쉬. ​ ​ ​ ​ / ​ 튜브 형식으로 간편하게 짜서 사용하기 좋은데 점성이 있는 쫀득한 제형이다. ​ ​ ​ ​","추천형, 정보형, 친근체","사용 장면, 소제목 반복, 사진 다량"
"육아/반려/가족","1","페노비스 강아지 고양이 바르는 임상균주 치약 오랄벳","brand.naver.com","페노비스 강아지 고양이 바르는 임상균주 치약","2","고양이 양치 강아지 치약 추천 입냄새제거엔 페노비스 오랄벳","https://blog.naver.com/godeosk/224253765533","떵그미","2026.04.16.","24","23","2181","","추천형, 정보형, 친근체","사용 장면, 추천 대상, 사진 다량"
"육아/반려/가족","1","페노비스 강아지 고양이 바르는 임상균주 치약 오랄벳","brand.naver.com","페노비스 강아지 고양이 바르는 임상균주 치약","3","바르기만 해도 편한 페노비스 오랄벳 고양이 치약, 강아지 입냄새 고민 해결","https://blog.naver.com/dkfk3868/224329938465","오늘의 일기","3일 전","30","31","1888","​ ​ ​ ​ ​ ​ ​ ​ ​ ​ ​ ​ ​ / 바르기만 해도 완벽한 구강케어 / ​ ​ ​ ​ ​ ​ ​ ​ ​ ​ ​ ​ / 고양이 치석 관리 &#x27;오랄벳&#x27;으로 한 번에 케어하세요 / ​ ​ ​ ​ ​ ​ ​ ​ ​ ​ ​ / 흐르지 않는 쫀쫀한 제형 & 고양이가 좋아하는 무색무취향 / ​ ​ ​ ​ ​ ​ ​ ​ ​ ​ ​","체험형, 추천형, 정보형, 친근체","언박싱, 사용 장면, 구매 유도, 소제목 반복, 사진 다량"
"육아/반려/가족","2","실버라인펫 블랙라벨 노스트레스 슬리커브러쉬 엉킨털 죽은털 제거 강아지빗","brand.naver.com","실버라인펫 블랙라벨 노스트레스 슬리커브러쉬 엉킨털 죽은털 강아지","1","말티푸 실버라인 블랙라벨 노스트레스 슬리커 강아지빗","https://blog.naver.com/96rkgml/223926389544","희야","2025.07.08.","23","22","1456","🐾 Black Label 글, 사진 @희야 ​ / ​ ​ ​ 엉킨 털도 풀고 털 정리도 되는데 피부 마사지도 되는 만능 브러쉬에요. ​ ​ ​ ​ ​ ​ / ​ ​ ​ ​ 실버라인 블랙라벨 노스트레스 슬리커빗 🔻🔻🔻 여기서 구매해보세요 🔻🔻🔻","체험형, 추천형, 정보형, 비교형","사용 장면, 장단점, 추천 대상, 구매 유도, 소제목 반복, 사진 다량"
"육아/반려/가족","2","실버라인펫 블랙라벨 노스트레스 슬리커브러쉬 엉킨털 죽은털 제거 강아지빗","brand.naver.com","실버라인펫 블랙라벨 노스트레스 슬리커브러쉬 엉킨털 죽은털 강아지","2","강아지 슬리커 실버라인 블랙라벨 노스트레스 브러쉬 말티푸 빗질","https://blog.naver.com/somduk_e/224023099907","순덕앤소미","2025.09.26.","24","23","2084","말티푸 빗질 꼭 해야하는 이유 / 실버라인 블랙라벨 노스트레스 브러쉬 말티푸 빗질 후기","체험형, 추천형, 정보형, 비교형","사용 장면, 장단점, 추천 대상, 사진 다량"
"육아/반려/가족","2","실버라인펫 블랙라벨 노스트레스 슬리커브러쉬 엉킨털 죽은털 제거 강아지빗","brand.naver.com","실버라인펫 블랙라벨 노스트레스 슬리커브러쉬 엉킨털 죽은털 강아지","3","슬리커 브러쉬로 엉킨 털 정리! 강아지도 좋아하는 실버라인 블랙라벨 슬리커","https://blog.naver.com/myyoukim/224012471026","리리","2025.09.18.","18","18","2118","강아지슬리커 실버라인 블랙라벨 노스트레스 슬리커 브러쉬 / 평소에 빗질로는 이렇게 많이 죽은털이 안나오던데 확실히 빗을바꾸니까 죽은털이 뿜뿜뿜 ​","추천형, 정보형, 비교형, 친근체","사용 장면, 장단점, 추천 대상, 사진 다량"
"육아/반려/가족","3","헤잇미 강아지진드기퇴치제 스프레이 강아지해충방지 애견 벌레기피제","brand.naver.com","헤잇미 강아지진드기퇴치제 스프레이 강아지해충방지 애견 벌레기피제 강아지","1","강아지진드기퇴치제 해충방지 스프레이 밴드 패치 헤잇미 3종","https://blog.naver.com/tuigi2000/223928007230","츠쿠시","2025.07.09.","26","23","2103","바잇미 헤잇미 플러스 스프레이 / 바잇미 헤잇미 밴드 / 바잇미 헤잇미 패치 (24매입) / 강아지진드기퇴치제 3대장중 가장 작고 휴대하기 편리한 패치 타입의 바잇미 헤잇미 패치 ​ ​ ​ ​ / 사용 방법은 스티커 하나를 떼어서 강아지옷이나 하네스,산책줄에 부착해주기만 하면 끝! ​ ​ ​ / ※이 포스팅은 네이버 쇼핑 커넥트 활동의 일환으로 판매 발생시 수수료를 제공 받습니다. ​ ​","추천형, 정보형, 친근체","사용 장면, 소제목 반복, 사진 다량"
"육아/반려/가족","3","헤잇미 강아지진드기퇴치제 스프레이 강아지해충방지 애견 벌레기피제","brand.naver.com","헤잇미 강아지진드기퇴치제 스프레이 강아지해충방지 애견 벌레기피제 강아지","2","강아지 진드기 퇴치제 추천 바잇미 해충방지 헤잇미 3종","https://blog.naver.com/dudfksaos/223948997232","거나","2025.07.27.","21","20","2126","강아지 진드기 퇴치제 추천 바잇미 해충방지 헤잇미 3종 ​ / 1. 헤잇미 플러스 스프레이 / ✅ 모기, 진드기, 기피제 정식 허가 완료 ✅ 한 번 분사로 4시간 지속 효과 / 2. 헤잇미 밴드 / ✅ 산책 가방이나 목줄에 걸기만 하면 끝! ✅ 라벤더 향 + 천연 기피 성분 / ​ 다음으로 소개할 강아지진드기퇴치제 는 바로 귀엽고 실용적인 헤잇미 밴드 예요. ​ / ​ 산책 전 목줄이나 산책가방에 톡! 걸기만 하면 끝이라 정말 간편하고 실용적이에요. ​ / 3. 헤잇미 패치","체험형, 추천형, 정보형, 친근체","사용 장면, 추천 대상, 소제목 반복, 사진 다량"
"육아/반려/가족","3","헤잇미 강아지진드기퇴치제 스프레이 강아지해충방지 애견 벌레기피제","brand.naver.com","헤잇미 강아지진드기퇴치제 스프레이 강아지해충방지 애견 벌레기피제 강아지","3","바잇미 헤잇미 | 강아지 진드기기피제, 해충 방지 스프레이 밴드 패치","https://blog.naver.com/lemonjin7088/223931122728","별마지","2025.07.12.","26","26","2543","바잇미 헤잇미 3종 ​ 모기, 진드기 고민 해결! 강아지 해충방지 아이템 3종 소개할게요~ ​ ​ ​ / 헤잇미 스프레이 180ml ​ 바잇미 헤잇미 플러스 모기 진드기 기피제 ​ ​ ​ / 헤잇미 스프레이 사용 시 모기 흡혈률 96% 감소, 진드기 기피 효과 97.6%에요. ​ ​ ​ / 동글동글 귀여운 디자인 ​ ​ ​ / 지름 22mm 사이즈예요. 네 가지 컬러의 곰돌이 패치가 총 24개 들어있어요. ​ ​ ​","체험형, 추천형, 정보형, 친근체","언박싱, 사용 장면, 추천 대상, 구매 유도, 소제목 반복, 사진 다량"
"육아/반려/가족","4","[CF상품]붐케어 아기 드라이기 저소음 무선 강아지 고양이 드라이어","smartstore.naver.com","붐케어 아기 드라이기 저소음 무선 강아지 고양이","1","붐케어 아기 드라이기 저소음 무선 강아지 고양이 드라이어 사용 후기","https://blog.naver.com/crimson74200/224331206222","crimson74200님의 블로그","1일 전","4","5","1735","배송과 첫인상 / N개월 사용 후 느낀 장점들","체험형, 추천형, 비교형, 친근체","언박싱, 사용 장면, 장단점, 추천 대상, 구매 유도"
"육아/반려/가족","4","[CF상품]붐케어 아기 드라이기 저소음 무선 강아지 고양이 드라이어","smartstore.naver.com","붐케어 아기 드라이기 저소음 무선 강아지 고양이","2","붐케어 저소음 무선 드라이기 아기 반려동물 필수템 후기","https://blog.naver.com/frequent16178/224331112381","frequent16178님의 블로그","2일 전","3","4","1651","배송과 첫인상 / N개월 사용 후 느낀 장점들","체험형, 추천형, 비교형, 친근체","언박싱, 사용 장면, 장단점, 추천 대상, 구매 유도"
"육아/반려/가족","4","[CF상품]붐케어 아기 드라이기 저소음 무선 강아지 고양이 드라이어","smartstore.naver.com","붐케어 아기 드라이기 저소음 무선 강아지 고양이","3","[CF상품]붐케어 아기 드라이기 저소음 무선 강아지 고양이 드라이어 정보 총집합 &mdash; 구매 전에 꼭 읽어보세요","https://blog.naver.com/yungkk-/224332592793","핫템을 최저가로!","5시간 전","0","1","808","","체험형, 추천형, 정보형, 비교형","결론/요약, 언박싱, 추천 대상, 구매 유도"
"육아/반려/가족","5","주문 제작 아크릴 그립톡 강아지 고양이 동물 굿즈","smartstore.naver.com","주문 제작 아크릴 그립톡 강아지 고양이","1","아크릴 회전 그립톡 주문 제작 자석 스피너 반려동물 에폭시 강아지 고양이 스마트톡 자유형 후기보고 바로 장바구니 담았어요","https://blog.naver.com/cafedtale/224297917436","디테일","2026.05.27.","7","7","1445","","체험형, 추천형, 친근체","결론/요약, 사용 장면, 장단점, 추천 대상, 구매 유도"
"육아/반려/가족","5","주문 제작 아크릴 그립톡 강아지 고양이 동물 굿즈","smartstore.naver.com","주문 제작 아크릴 그립톡 강아지 고양이","2","강아지 고양이 반려동물 맥세이프 그립톡 주문 제작, 다이노펫에서 세상에 하나뿐인 우리 초코 굿즈만들기","https://blog.naver.com/h5980256/224284488080","맑음이맘의 새싹비빔밥","2026.05.13.","18","18","1697","","추천형, 친근체","언박싱, 사용 장면, 사진 다량"
"육아/반려/가족","5","주문 제작 아크릴 그립톡 강아지 고양이 동물 굿즈","smartstore.naver.com","주문 제작 아크릴 그립톡 강아지 고양이","3","아크릴 그립톡 주문제작 - 반려동물 얼굴 커플 강아지 고양이 에폭시 원형","https://blog.naver.com/jinheenom/224116854666","생활속의 아이템","2025.12.20.","3","3","1020","","추천형, 정보형, 친근체","사용 장면"
"육아/반려/가족","6","안티놀래피드 240캡슐 강아지 고양이 관절염 및 슬개골 보호 반려견 영양제","brand.naver.com","안티놀래피드 강아지 고양이 관절염 슬개골 보호 영양제","1","강아지 슬개골 관절 영양제 안티놀래피드 1년후기","https://blog.naver.com/cjhcjh0815/224327800777","짜루","5일 전","14","12","1500","""이 포스팅은 네이버 쇼핑 커넥트 활동의 일환으로, 판매 발생 시 수수료를 제공받습니다."" / ​ https://naver.me/Fz8TTFgP / 10kg미만 / 10~22kg / 22kg 이상 / 잘 먹고 또 먹고 계속 먹은지 1년 안티놀 래피드 영양제 이렇게 꾸준히 먹고 있어요. ​ / 노견 우리 마두야 건강하자 ​ / #강아지슬개골 #강아지관절영양제 #안티놀래피드 #반려견영양제 #노견영양제","추천형, 정보형, 친근체","사용 장면, 구매 유도, 소제목 반복, 사진 다량"
"육아/반려/가족","6","안티놀래피드 240캡슐 강아지 고양이 관절염 및 슬개골 보호 반려견 영양제","brand.naver.com","안티놀래피드 강아지 고양이 관절염 슬개골 보호 영양제","2","강아지 슬개골탈구 안티놀 래피드 관절영양제","https://blog.naver.com/heartkeepers/224138534863","루이랑","2026.01.08.","6","7","2171","1. 안티놀 래피드 / 2. 핵심 구성과 특징 / 3. 일반 관절영양제와 다른 점 / 4. 슬개골탈구 관리에서 안티놀 래피드를 선택한 이유 / 5. 급여 시 주의할 점과 현실적인 기대","추천형, 정보형, 친근체","사용 장면, 소제목 반복"
"육아/반려/가족","6","안티놀래피드 240캡슐 강아지 고양이 관절염 및 슬개골 보호 반려견 영양제","brand.naver.com","안티놀래피드 강아지 고양이 관절염 슬개골 보호 영양제","3","강아지 관절영양제 추천 안티놀래피드 슬개골영양제 꾸준한 케어 방법","https://blog.naver.com/pcmm1/224245684101","현둘맘","2026.04.08.","15","13","2048","안티놀래피드를 다시 선택하게 된 계기 / 안티놀래피드 성분과 신뢰 포인트 / 급여 방법과 실제 먹이는 팁 / 캡슐 형태라 처음엔 조금 고민했는데요. 그냥 주면 거부할 수도 있겠다는 생각이 들더라고요. ​ / 꾸준히 먹이며 느낀 변화와 관리 방향 / ​ 그래서 저는 안티놀래피드처럼 부담 없이 꾸준히 먹일 수 있는 제품으로 계속 관리해보려고 해요. ​","추천형, 정보형, 친근체","사용 장면, 추천 대상, 소제목 반복, 사진 다량"
"육아/반려/가족","7","바잇미 강아지쿨매트 강아지냉감패드 쿨링애견매트 반려견","brand.naver.com","바잇미 강아지쿨매트 강아지냉감패드 쿨링애견매트 반려견 강아지","1","바잇미 강아지 쿨매트, 우리 반려견 시원한 여름 보내는 꿀팁","https://blog.naver.com/zayaa7979/224322450837","zayaa7979님의블로그","2주 전","0","6","2889","​ https://naver.me/x7e1QORS","체험형, 추천형, 정보형, 비교형","사용 장면, 장단점, 추천 대상, 구매 유도"
"육아/반려/가족","7","바잇미 강아지쿨매트 강아지냉감패드 쿨링애견매트 반려견","brand.naver.com","바잇미 강아지쿨매트 강아지냉감패드 쿨링애견매트 반려견 강아지","2","바잇미 강아지쿨매트 강아지냉감패드 쿨링애견매트 반려견 쿨매트 댕댕이 시원하게 여름나기 꼼꼼하게 따져보고 고른 후기","https://blog.naver.com/lsyds08/224324821576","세포맘의 상퓸리뷰","2주 전","5","6","1465","","체험형, 추천형, 정보형, 친근체","언박싱, 사용 장면, 장단점, 추천 대상, 구매 유도"
"육아/반려/가족","7","바잇미 강아지쿨매트 강아지냉감패드 쿨링애견매트 반려견","brand.naver.com","바잇미 강아지쿨매트 강아지냉감패드 쿨링애견매트 반려견 강아지","3","강아지쿨매트 한 달 사용기와 실제 관찰기","https://blog.naver.com/careae94/224328878947","필름감성기록","4일 전","12","13","2127","여름 준비 소소한 기록 / 첫인상과 디자인 / 촉감과 냉감 체감 / 크기와 실사용 적합성 / 세탁과 관리 팁 / 휴대성과 이동성 체크 / 안전성과 내구성 관찰 / 현실적 사용 시나리오","체험형, 추천형, 정보형, 비교형","사용 장면, 장단점, 추천 대상, 구매 유도, 소제목 반복, 사진 다량"
"육아/반려/가족","8","[강형욱 추천] 건사료와 섞어 먹는 강아지 화식 큐브 (30일) 치킨, 20g, 30개","brand.naver.com","건사료와 섞어 먹는 강아지 화식 큐브","1","건사료와 섞어 먹는 강아지 화식 큐브 30일 비프 20g 30개 후기","https://blog.naver.com/mdv1993/224328632649","mdv1993님의 블로그","4일 전","7","6","2481","우리 아이 입맛 사로잡은 비프 화식 큐브의 매력 / 성분까지 꼼꼼하게, 믿고 먹이는 화식 큐브 / 1. 여행 갈 때 필수템, 개별 포장의 편리함 / 2. 부드럽게 불려져요, 밥 주기 전 간편하게 준비 / 3. 눈으로 확인 가능한 신선한 재료의 맛 / 이런 분들께 잘 맞을 것 같아요 / 1. 평소 사료만으로는 밥을 잘 먹지 않는 아이 / 구매하기 전 참고하면 좋을 부분","체험형, 추천형, 정보형, 비교형","언박싱, 사용 장면, 장단점, 추천 대상, 구매 유도, 소제목 반복"
"육아/반려/가족","8","[강형욱 추천] 건사료와 섞어 먹는 강아지 화식 큐브 (30일) 치킨, 20g, 30개","brand.naver.com","건사료와 섞어 먹는 강아지 화식 큐브","2","강아지 화식 큐브 보완식 비교 실사용","https://blog.naver.com/restset79/224329570170","물빛수채일기","3일 전","6","7","1977","첫인상과 포장 / 질감과 소리 관찰 / 영양과 성분 간단 체크 / 급여 방법과 호응도 / 사용 시나리오 3가지 / 비교: 기존 건사료와 차이 / 보관과 사용 팁 / 가격과 가치 평가","체험형, 추천형, 정보형, 비교형","결론/요약, 언박싱, 사용 장면, 추천 대상, 구매 유도, 소제목 반복"
"육아/반려/가족","8","[강형욱 추천] 건사료와 섞어 먹는 강아지 화식 큐브 (30일) 치킨, 20g, 30개","brand.naver.com","건사료와 섞어 먹는 강아지 화식 큐브","3","퍼피즈 건사료와 섞어 먹는 강아지 화식 큐브 치킨 사용 후기","https://blog.naver.com/monster29431/224331261356","monster29431님의 블로그","1일 전","0","2","982","","체험형, 추천형, 친근체","사용 장면, 추천 대상"
"육아/반려/가족","9","카누들 에코팩 840g 포켄스 강아지 덴탈껌 치석 입냄새 제거 개껌 그레인프리","brand.naver.com","카누들 에코팩 포켄스 강아지 덴탈껌 치석","1","카누들 에코팩 840g 포켄스 강아지 덴탈껌 처음 써본 후 입냄새 확실히 줄었어요","https://blog.naver.com/jnhjms4fma/224330872261","인생은타이밍","2일 전","6","7","1083","강아지 치석 때문에 고민했어요 / 처음 받고 느낀 점 / 실제 사용 후 변화 / 장점과 아쉬운 점 / 추천 대상과 사용 팁 / 강아지 덴탈껌 선택에 도움이 되었으면 / ​ ​ ✨✨ 사용 후기 참고해서 구매해 보세요 ✨✨ ​ / #강아지덴탈껌 #치석제거 #그레인프리 #강아지입냄새 #개껌추천 #반려견치아관리 #포켄스","체험형, 추천형, 정보형, 비교형","언박싱, 사용 장면, 장단점, 추천 대상, 구매 유도, 소제목 반복"
"육아/반려/가족","9","카누들 에코팩 840g 포켄스 강아지 덴탈껌 치석 입냄새 제거 개껌 그레인프리","brand.naver.com","카누들 에코팩 포켄스 강아지 덴탈껌 치석","2","카누들 에코팩 840g 포켄스 강아지 덴탈껌 솔직 후기","https://blog.naver.com/mlicious16734/224325291021","mlicious16734님의 블로그","1주 전","3","4","524","","체험형, 추천형, 정보형, 친근체","사용 장면, 추천 대상, 구매 유도"
"육아/반려/가족","9","카누들 에코팩 840g 포켄스 강아지 덴탈껌 치석 입냄새 제거 개껌 그레인프리","brand.naver.com","카누들 에코팩 포켄스 강아지 덴탈껌 치석","3","카누들 에코팩 840g 강아지 덴탈껌 직접 써본 솔직 사용기","https://blog.naver.com/blzon73222/224325330342","블리존","1주 전","4","5","855","이런 분들께 추천해요","체험형, 추천형, 정보형, 친근체","사용 장면, 추천 대상, 구매 유도"
"육아/반려/가족","10","라비베베 모던핏 구명조끼 유아 아동 물놀이 부력보조복","smartstore.naver.com","라비베베 모던핏 구명조끼 유아 아동 물놀이","1","유아 구명조끼 후기｜물놀이 시즌 준비한다면 라비베베 모던핏 구명조끼 눈길 가는 이유","https://blog.naver.com/symnet/224304713081","호기심천국","4주 전","8","8","2238","","체험형, 추천형, 비교형, 친근체","결론/요약, 사용 장면, 장단점, 추천 대상, 구매 유도, 사진 다량"
"육아/반려/가족","10","라비베베 모던핏 구명조끼 유아 아동 물놀이 부력보조복","smartstore.naver.com","라비베베 모던핏 구명조끼 유아 아동 물놀이","2","유아 물놀이 안전비법! 라비베베 유아 어린이 구명조끼 부력보조복 물놀이 수영용","https://blog.naver.com/kaiiller/224318153410","AI 테크마인드","3주 전","10","11","999","물놀이 안전을 위한 구명조끼 필요성 / https://naver.me/5HypxGuR / 구매 전 확인할 점 / 이런 분들에게 잘 맞습니다 / https://naver.me/5HypxGuR","체험형, 추천형, 비교형, 친근체","사용 장면, 장단점, 추천 대상, 구매 유도, 소제목 반복, 사진 다량"
"육아/반려/가족","10","라비베베 모던핏 구명조끼 유아 아동 물놀이 부력보조복","smartstore.naver.com","라비베베 모던핏 구명조끼 유아 아동 물놀이","3","여름 물놀이 유아 안전용품 라비베베 유아 어린이 구명조끼 모던핏 부력보조복","https://blog.naver.com/rlagpfls55/224308323162","노랑둥의 임신육아 기록","4주 전","6","6","1412","상품 핵심 특징 / 라비베베 유아 어린이 구명조끼 모던핏 부력보조복 / 유아 물놀이용 부력보조복 / 유아 및 어린이 / 수영장, 워터파크, 계곡, 바다 / 모던핏 디자인, 활동성 고려 타입 / 단점 및 주의사항 / 이런 분께 추천","체험형, 추천형, 정보형, 비교형","언박싱, 사용 장면, 장단점, 추천 대상, 구매 유도, 소제목 반복"